PROV1;Штормград;;;;;;;;;;;x
PROV2;Семь Звезд;;;;;;;;;;;x
PROV3;Две Луны;;;;;;;;;;;x
PROV4;Большие холмы;;;;;;;;;;;x
PROV5;Лул'каил;;;;;;;;;;;x
PROV6;Златоземье;;;;;;;;;;;x
PROV7;Североземье;;;;;;;;;;;x
PROV8;Северное поле;;;;;;;;;;;x
PROV9;Западный ручей;;;;;;;;;;;x
PROV10;Южная поляна;;;;;;;;;;;x
PROV11;Каменное поле;;;;;;;;;;;x
PROV12;Солнечная поляна;;;;;;;;;;;x
PROV13;Башня Азоры;;;;;;;;;;;x
PROV14;Восточная долина;;;;;;;;;;;x
PROV15;Одинокая башня;;;;;;;;;;;x
PROV16;Каменный курган;;;;;;;;;;;x
PROV17;Луноречье;;;;;;;;;;;x
PROV18;Песчаная нога;;;;;;;;;;;x
PROV19;Хмуробров;;;;;;;;;;;x
PROV20;Молсен;;;;;;;;;;;x
PROV21;Приозерье;;;;;;;;;;;x
PROV22;Три угла;;;;;;;;;;;x
PROV23;Озерный тракт;;;;;;;;;;;x
PROV24;Альтер;;;;;;;;;;;x
PROV25;Перевал Черной горы;;;;;;;;;;;x
PROV26;Тукс Цекс;;;;;;;;;;;x
PROV27;Золотой берег;;;;;;;;;;;x
PROV28;Длинный берег;;;;;;;;;;;x
PROV29;Сторожевой холм;;;;;;;;;;;x
PROV30;Демонт;;;;;;;;;;;x
PROV31;Пыльные равнины;;;;;;;;;;;x
PROV32;Башня Мортвейка;;;;;;;;;;;x
PROV33;Каньоны Красногорья;;;;;;;;;;;x
PROV34;Глинистый ветер;;;;;;;;;;;x
PROV35;Галарделл;;;;;;;;;;;x
PROV36;Горный путь;;;;;;;;;;;x
PROV37;Великий Гамлет;;;;;;;;;;;x
PROV38;Светлая роща;;;;;;;;;;;x
PROV39;Безмятежные сады;;;;;;;;;;;x
PROV40;Богатый сад;;;;;;;;;;;x
PROV41;Йорген;;;;;;;;;;;x
PROV42;Большой курган;;;;;;;;;;;x
PROV43;Эддл;;;;;;;;;;;x
PROV44;Вороний холм;;;;;;;;;;;x
PROV45;Сумеречная роща;;;;;;;;;;;x
PROV46;Каражан;;;;;;;;;;;x
PROV47;Тропа мертвеца;;;;;;;;;;;x
PROV48;Золотая лестница;;;;;;;;;;;x
PROV49;Порок;;;;;;;;;;;x
PROV50;Зул'гуруб;;;;;;;;;;;x
PROV51;Рен'кунн;;;;;;;;;;;x
PROV52;Гокунти;;;;;;;;;;;x
PROV53;Зул'мараш;;;;;;;;;;;x
PROV54;Бамбала;;;;;;;;;;;x
PROV55;Южная долина;;;;;;;;;;;x
PROV56;Олриар;;;;;;;;;;;x
PROV57;Куло'ке;;;;;;;;;;;x
PROV58;Зиата'джай;;;;;;;;;;;x
PROV59;Балиа'ма;;;;;;;;;;;x
PROV60;Зул'мамве;;;;;;;;;;;x
PROV61;Зул'кунда;;;;;;;;;;;x
PROV62;Ткаши;;;;;;;;;;;x
PROV63;Кал'аи;;;;;;;;;;;x
PROV64;Бал'лал;;;;;;;;;;;x
PROV65;Зуулдая;;;;;;;;;;;x
PROV66;Мизжа;;;;;;;;;;;x
PROV67;Холм Пустоты;;;;;;;;;;;x
PROV68;Рокард;;;;;;;;;;;x
PROV69;Камень роз;;;;;;;;;;;x
PROV70;Молот Ужаса;;;;;;;;;;;x
PROV71;Огненный путь;;;;;;;;;;;x
PROV72;Дул'зин;;;;;;;;;;;x
PROV73;Темный портал;;;;;;;;;;;x
PROV74;Зави;;;;;;;;;;;x
PROV75;Дисей;;;;;;;;;;;x
PROV76;Шиндун;;;;;;;;;;;x
PROV77;Зуджит;;;;;;;;;;;x
PROV78;Бинан;;;;;;;;;;;x
PROV79;Сурвич;;;;;;;;;;;x
PROV80;Мертвая лощина;;;;;;;;;;;x
PROV81;Атал'хаккар;;;;;;;;;;;x
PROV82;Развилка расщепленного копья;;;;;;;;;;;x
PROV83;Туманная долина;;;;;;;;;;;x
PROV84;Убежище;;;;;;;;;;;x
PROV85;Каменор;;;;;;;;;;;x
PROV86;Южная трясина;;;;;;;;;;;x
PROV87;Северная трясина;;;;;;;;;;;x
PROV88;Вязкая топь;;;;;;;;;;;x
PROV89;Гнилая отмель;;;;;;;;;;;x
PROV90;Болотная вода;;;;;;;;;;;x
PROV91;Дикий мыс;;;;;;;;;;;x
PROV92;Горемрак;;;;;;;;;;;x
PROV93;Веслотопь;;;;;;;;;;;x
PROV94;Южные острова;;;;;;;;;;;x
PROV95;Сурохи;;;;;;;;;;;x
PROV96;Лю'дей;;;;;;;;;;;x
PROV97;Кофельнагель;;;;;;;;;;;x
PROV98;Нек'Мани;;;;;;;;;;;x
PROV99;Киму;;;;;;;;;;;x
PROV100;Векрише;;;;;;;;;;;x
PROV101;Фикиннун;;;;;;;;;;;x
PROV102;Стальгорн;;;;;;;;;;;x
PROV103;Глубины Черной горы;;;;;;;;;;;x
PROV104;Пик Черной горы;;;;;;;;;;;x
PROV105;Красный шлем;;;;;;;;;;;x
PROV106;Редпат;;;;;;;;;;;x
PROV107;Пещера падения;;;;;;;;;;;x
PROV108;Узкоклинье;;;;;;;;;;;x
PROV109;Тауриссан;;;;;;;;;;;x
PROV110;Хагдир;;;;;;;;;;;x
PROV111;Калфок;;;;;;;;;;;x
PROV112;Йоминдан;;;;;;;;;;;x
PROV113;Боруал;;;;;;;;;;;x
PROV114;Огдерм;;;;;;;;;;;x
PROV115;Бурдак;;;;;;;;;;;x
PROV116;Обугленная пещера;;;;;;;;;;;x
PROV117;Рондагг;;;;;;;;;;;x
PROV118;Даррарор;;;;;;;;;;;x
PROV119;Домдит;;;;;;;;;;;x
PROV120;Брударн;;;;;;;;;;;x
PROV121;Дрогнур;;;;;;;;;;;x
PROV122;Буданн;;;;;;;;;;;x
PROV123;Бругодун;;;;;;;;;;;x
PROV124;Охулдум;;;;;;;;;;;x
PROV125;Тумогер;;;;;;;;;;;x
PROV126;Эгударм;;;;;;;;;;;x
PROV127;Красная пустыня;;;;;;;;;;;x
PROV128;Пыльный ветер;;;;;;;;;;;x
PROV129;Летлор;;;;;;;;;;;x
PROV130;Гундорм;;;;;;;;;;;x
PROV131;Эрмурн;;;;;;;;;;;x
PROV132;Хельмово ложе;;;;;;;;;;;x
PROV133;Северные врата;;;;;;;;;;;x
PROV134;Гол'Болар;;;;;;;;;;;x
PROV135;Янтарный путь;;;;;;;;;;;x
PROV136;Холмы Тандрид;;;;;;;;;;;x
PROV137;Ледяной перевал;;;;;;;;;;;x
PROV138;Каранос;;;;;;;;;;;x
PROV139;Железные врата;;;;;;;;;;;x
PROV140;Мерцающий хребет;;;;;;;;;;;x
PROV141;Туннель Холодной долины;;;;;;;;;;;x
PROV142;Старая Наковальня;;;;;;;;;;;x
PROV143;Холодная долина;;;;;;;;;;;x
PROV144;Сокрытая долина;;;;;;;;;;;x
PROV145;Штормовая лощина;;;;;;;;;;;x
PROV146;Гномреган;;;;;;;;;;;x
PROV147;Перевал Ледяного ветра;;;;;;;;;;;x
PROV148;Долина Ледяного ветра;;;;;;;;;;;x
PROV149;Новый Город Механиков;;;;;;;;;;;x
PROV150;Мерзлая грива;;;;;;;;;;;x
PROV151;Ледяной перевал;;;;;;;;;;;x
PROV152;Южные Ледяные воды;;;;;;;;;;;x
PROV153;Северные Ледяные воды;;;;;;;;;;;x
PROV154;Телсамар;;;;;;;;;;;x
PROV155;Каменная поляна;;;;;;;;;;;x
PROV156;Узкий холм;;;;;;;;;;;x
PROV157;Долина Камнедробов;;;;;;;;;;;x
PROV158;Скрытая лощина;;;;;;;;;;;x
PROV159;Зеленые холмы;;;;;;;;;;;x
PROV160;Каменная плотина;;;;;;;;;;;x
PROV161;Долина королей;;;;;;;;;;;x
PROV162;Серебряный поток;;;;;;;;;;;x
PROV163;Северный перекресток;;;;;;;;;;;x
PROV164;Острова Лок;;;;;;;;;;;x
PROV165;Южные врата;;;;;;;;;;;x
PROV166;Грим Батол;;;;;;;;;;;x
PROV167;Излучина Змея;;;;;;;;;;;x
PROV168;Дикий проход;;;;;;;;;;;x
PROV169;Гранатовый редут;;;;;;;;;;;x
PROV170;Тиверфел;;;;;;;;;;;x
PROV171;Алберлин;;;;;;;;;;;x
PROV172;Громтар;;;;;;;;;;;x
PROV173;Изумрудный лес;;;;;;;;;;;x
PROV174;Прочные склоны;;;;;;;;;;;x
PROV175;Железный хребет;;;;;;;;;;;x
PROV176;Ущелье Торвальда;;;;;;;;;;;x
PROV177;Штормовое побережье;;;;;;;;;;;x
PROV178;Громовая роща;;;;;;;;;;;x
PROV179;Наветренные холмы;;;;;;;;;;;x
PROV180;Коготь бури;;;;;;;;;;;x
PROV181;Тихое нагорье;;;;;;;;;;;x
PROV182;Дунвальд;;;;;;;;;;;x
PROV183;Оловяный тигель;;;;;;;;;;;x
PROV184;Дельта Вералл;;;;;;;;;;;x
PROV185;Суровое побережье;;;;;;;;;;;x
PROV186;Мыс Кулака;;;;;;;;;;;x
PROV187;Дикая расселина;;;;;;;;;;;x
PROV188;Наветренные склоны;;;;;;;;;;;x
PROV189;Плоский берег;;;;;;;;;;;x
PROV190;Зеленеющий лес;;;;;;;;;;;x
PROV191;Сыпучие скалы;;;;;;;;;;;x
PROV192;Лагерь Победителя;;;;;;;;;;;x
PROV193;Обсидиановые холмы;;;;;;;;;;;x
PROV194;Элементиевое ущелье;;;;;;;;;;;x
PROV195;Мертвое нагорье;;;;;;;;;;;x
PROV196;Низкие острова;;;;;;;;;;;x
PROV197;Серебряные склоны;;;;;;;;;;;x
PROV198;Гавань Менетилов;;;;;;;;;;;x
PROV199;Дун Альгаз;;;;;;;;;;;x
PROV200;Болото Мохошкуров;;;;;;;;;;;x
PROV201;Возвышенный лес;;;;;;;;;;;x
PROV202;Привал Крепкой Стамески;;;;;;;;;;;x
PROV203;Дун Модр;;;;;;;;;;;x
PROV204;Болотная равнина;;;;;;;;;;;x
PROV205;Зловещий холм;;;;;;;;;;;x
PROV206;Высокий холм;;;;;;;;;;;x
PROV207;Восточное Половодье;;;;;;;;;;;x
PROV208;Западное Половодье;;;;;;;;;;;x
PROV209;Долина Солевого тумана;;;;;;;;;;;x
PROV210;Северная дельта;;;;;;;;;;;x
PROV211;Центральная дельта;;;;;;;;;;;x
PROV212;Южная дельта;;;;;;;;;;;x
PROV213;Скалистое ущелье;;;;;;;;;;;x
PROV214;Высокая гряда;;;;;;;;;;;x
PROV215;Высокая точка;;;;;;;;;;;x
PROV216;Стромгард;;;;;;;;;;;x
PROV217;Южное нагорье;;;;;;;;;;;x
PROV218;Старый овраг;;;;;;;;;;;x
PROV219;Золнанджи;;;;;;;;;;;x
PROV220;Го'Шек;;;;;;;;;;;x
PROV221;Ветреная лощина;;;;;;;;;;;x
PROV222;Сухой холм;;;;;;;;;;;x
PROV223;Дабири;;;;;;;;;;;x
PROV224;Северные нагорья;;;;;;;;;;;x
PROV225;Зеленый холм;;;;;;;;;;;x
PROV226;Северный простор;;;;;;;;;;;x
PROV227;Северное поместье;;;;;;;;;;;x
PROV228;Бухта Фалдира;;;;;;;;;;;x
PROV229;Западное побережье;;;;;;;;;;;x
PROV230;Ван'кейки;;;;;;;;;;;x
PROV231;Восточное побережье;;;;;;;;;;;x
PROV232;Хилсбрад;;;;;;;;;;;x
PROV233;Дарнхольд;;;;;;;;;;;x
PROV234;Дун Гарок;;;;;;;;;;;x
PROV235;Владение Нетандера;;;;;;;;;;;x
PROV236;Восточная башня;;;;;;;;;;;x
PROV237;Южнобережье;;;;;;;;;;;x
PROV238;Холм Дарроу;;;;;;;;;;;x
PROV239;Западное побережье;;;;;;;;;;;x
PROV240;Южные врата;;;;;;;;;;;x
PROV241;Остров Очищения;;;;;;;;;;;x
PROV242;Мельница Таррен;;;;;;;;;;;x
PROV243;Альтерак;;;;;;;;;;;x
PROV244;Альтеракская долина;;;;;;;;;;;x
PROV245;Высокий отрог;;;;;;;;;;;x
PROV246;Странбрад;;;;;;;;;;;x
PROV247;Черный Ворон;;;;;;;;;;;x
PROV248;Винфрид;;;;;;;;;;;x
PROV249;Перевал Промозглого Ветра;;;;;;;;;;;x
PROV250;Даларан;;;;;;;;;;;x
PROV251;Холмы Даларана;;;;;;;;;;;x
PROV252;Гилнеас;;;;;;;;;;;x
PROV253;Янтарная мельница;;;;;;;;;;;x
PROV254;Пеле'аджин;;;;;;;;;;;x
PROV255;Заоблачный пик;;;;;;;;;;;x
PROV256;Хири'вата;;;;;;;;;;;x
PROV257;Кель'Данил;;;;;;;;;;;x
PROV258;Шадра'алор;;;;;;;;;;;x
PROV259;Сладкое ущелье;;;;;;;;;;;x
PROV260;Джинта'алор;;;;;;;;;;;x
PROV261;Алтарь Зула;;;;;;;;;;;x
PROV262;Агол'вата;;;;;;;;;;;x
PROV263;Осклизлая скала;;;;;;;;;;;x
PROV264;Шаол'вата;;;;;;;;;;;x
PROV265;Нижний Джинта'алор;;;;;;;;;;;x
PROV266;Сломанный клык;;;;;;;;;;;x
PROV267;Отвесные скалы;;;;;;;;;;;x
PROV268;Серадан;;;;;;;;;;;x
PROV269;Лордерон;;;;;;;;;;;x
PROV270;Лордамер;;;;;;;;;;;x
PROV271;Паром;;;;;;;;;;;x
PROV272;Южный тракт;;;;;;;;;;;x
PROV273;Темный Клык;;;;;;;;;;;x
PROV274;Погребальные Костры;;;;;;;;;;;x
PROV275;Горячие холмы;;;;;;;;;;;x
PROV276;Белый лепесток;;;;;;;;;;;x
PROV277;Серебряный рудник;;;;;;;;;;;x
PROV278;Поле Олсена;;;;;;;;;;;x
PROV279;Андернелли;;;;;;;;;;;x
PROV280;Рассветные острова;;;;;;;;;;;x
PROV281;Поле Валгана;;;;;;;;;;;x
PROV282;Северная приливная низина;;;;;;;;;;;x
PROV283;Оплетающая Тьма;;;;;;;;;;;x
PROV284;Сияющая прядь;;;;;;;;;;;x
PROV285;Кроули;;;;;;;;;;;x
PROV286;Северный лес;;;;;;;;;;;x
PROV287;Высокие отроги;;;;;;;;;;;x
PROV288;Серый мост;;;;;;;;;;;x
PROV289;Тлеющий камень;;;;;;;;;;;x
PROV290;Пастбище лошадей;;;;;;;;;;;x
PROV291;Адерик;;;;;;;;;;;x
PROV292;Дозор Гейла;;;;;;;;;;;x
PROV293;Эшбери;;;;;;;;;;;x
PROV294;Черная дубрава;;;;;;;;;;;x
PROV295;Грозовой перевал;;;;;;;;;;;x
PROV296;Угольный простор;;;;;;;;;;;x
PROV297;Корот;;;;;;;;;;;x
PROV298;Хейлвуд;;;;;;;;;;;x
PROV299;Седогрив;;;;;;;;;;;x
PROV300;Темная гавань;;;;;;;;;;;x
PROV301;Алленфилд;;;;;;;;;;;x
PROV302;Хаммондфилд;;;;;;;;;;;x
PROV303;Хейвард;;;;;;;;;;;x
PROV304;Брилл;;;;;;;;;;;x
PROV305;Долина Кошмаров;;;;;;;;;;;x
PROV306;Соллиден;;;;;;;;;;;x
PROV307;Агамонд;;;;;;;;;;;x
PROV308;Похоронный Звон;;;;;;;;;;;x
PROV309;Шепчущие сады;;;;;;;;;;;x
PROV310;Кругопряд;;;;;;;;;;;x
PROV311;Бальнир;;;;;;;;;;;x
PROV312;Бастион;;;;;;;;;;;x
PROV313;Северное побережье;;;;;;;;;;;x
PROV314;Туманный водопад;;;;;;;;;;;x
PROV315;Андорал;;;;;;;;;;;x
PROV316;Дикий ветер;;;;;;;;;;;x
PROV317;Деревянная хижина;;;;;;;;;;;x
PROV318;Гаррон;;;;;;;;;;;x
PROV319;Холм Печали;;;;;;;;;;;x
PROV320;Каэр Дарроу;;;;;;;;;;;x
PROV321;Дольный Очаг;;;;;;;;;;;x
PROV322;Тракт Дольного Очага;;;;;;;;;;;x
PROV323;Северный Кряж;;;;;;;;;;;x
PROV324;Стратхольм;;;;;;;;;;;x
PROV325;Дарроушир;;;;;;;;;;;x
PROV326;Верхний Тондрорил;;;;;;;;;;;x
PROV327;Нижний Тондрорил;;;;;;;;;;;x
PROV328;Маррис;;;;;;;;;;;x
PROV329;Долина короны;;;;;;;;;;;x
PROV330;Еловая долина;;;;;;;;;;;x
PROV331;Чернолесье;;;;;;;;;;;x
PROV332;Перекресток Корина;;;;;;;;;;;x
PROV333;Северный Дол;;;;;;;;;;;x
PROV334;Северный перевал;;;;;;;;;;;x
PROV335;Цзинь Ян;;;;;;;;;;;x
PROV336;Длань Тира;;;;;;;;;;;x
PROV337;Последняя Надежда;;;;;;;;;;;x
PROV338;Старая поляна;;;;;;;;;;;x
PROV339;Новый Авалон;;;;;;;;;;;x
PROV340;Тихоземье;;;;;;;;;;;x
PROV341;Хасик;;;;;;;;;;;x
PROV342;Северный лес;;;;;;;;;;;x
PROV343;Яркий дол;;;;;;;;;;;x
PROV344;Луносвет;;;;;;;;;;;x
PROV345;Траквиллион;;;;;;;;;;;x
PROV346;Золотистая Дымка;;;;;;;;;;;x
PROV347;Ан'дарот;;;;;;;;;;;x
PROV348;Мост Элрендар;;;;;;;;;;;x
PROV349;Шпили Ветрокрылых;;;;;;;;;;;x
PROV350;Серебряная Ярость;;;;;;;;;;;x
PROV351;Беспросветные рудники;;;;;;;;;;;x
PROV352;Призрачный лес;;;;;;;;;;;x
PROV353;Тихая лощина;;;;;;;;;;;x
PROV354;Талассийский перевал;;;;;;;;;;;x
PROV355;Кель'Литиен;;;;;;;;;;;x
PROV356;Поместье Андилиен;;;;;;;;;;;x
PROV357;Святилище Солнца;;;;;;;;;;;x
PROV358;Анклав Странников;;;;;;;;;;;x
PROV359;Холмы Томагавков;;;;;;;;;;;x
PROV360;Перевал Амани;;;;;;;;;;;x
PROV361;Акил'зон;;;;;;;;;;;x
PROV362;Налоракк;;;;;;;;;;;x
PROV363;Джан'алай;;;;;;;;;;;x
PROV364;Халаззи;;;;;;;;;;;x
PROV365;Тор'Вата;;;;;;;;;;;x
PROV366;Побережье Элрендар;;;;;;;;;;;x
PROV367;Зеб'Вата;;;;;;;;;;;x
PROV368;Восточное святилище;;;;;;;;;;;x
PROV369;Долина рунного камня;;;;;;;;;;;x
PROV370;Легкий Ветерок;;;;;;;;;;;x
PROV371;Причал Солнечного Паруса;;;;;;;;;;;x
PROV372;Тропа Золотой Ветви;;;;;;;;;;;x
PROV373;Безмятежный берег;;;;;;;;;;;x
PROV374;Золотистое взморье;;;;;;;;;;;x
PROV375;Площадь Соколиных Крыльев;;;;;;;;;;;x
PROV376;Северное святилище;;;;;;;;;;;x
PROV377;Пруд Тихого Шелеста;;;;;;;;;;;x
PROV378;Сумеречный овраг;;;;;;;;;;;x
PROV379;Рассветная улица;;;;;;;;;;;x
PROV380;Остров Солнечного Скитальца;;;;;;;;;;;x
PROV381;Фалтриен;;;;;;;;;;;x
PROV382;Ту-шэнь;;;;;;;;;;;x
PROV383;Го-Лай;;;;;;;;;;;x
PROV384;Плато Предков;;;;;;;;;;;x
PROV385;Зимняя Ветвь;;;;;;;;;;;x
PROV386;Заходящее Солнце;;;;;;;;;;;x
PROV387;Летнее Цветение;;;;;;;;;;;x
PROV388;Вечная Весна;;;;;;;;;;;x
PROV389;Сотня ступеней;;;;;;;;;;;x
PROV390;Весенняя тропа;;;;;;;;;;;x
PROV391;Лег-Заол;;;;;;;;;;;x
PROV392;Сюэнь;;;;;;;;;;;x
PROV393;Тигриная тропа;;;;;;;;;;;x
PROV394;Плато Солнечного Колодца;;;;;;;;;;;x
PROV395;Солнечный Край;;;;;;;;;;;x
PROV396;Утренняя Звезда;;;;;;;;;;;x
PROV397;Терраса Магистров;;;;;;;;;;;x
PROV398;Зеленые жабры;;;;;;;;;;;x
PROV399;Сат'теас;;;;;;;;;;;x
PROV400;Лок Вералл;;;;;;;;;;;x
PROV401;Озеро;;;;;;;;;;;x
PROV402;Река Тондрорил;;;;;;;;;;;x
PROV403;Река Тондрорил;;;;;;;;;;;x
PROV404;Река Тондрорил;;;;;;;;;;;x
PROV405;Река Тондрорил;;;;;;;;;;;x
PROV406;Река Тондрорил;;;;;;;;;;;x
PROV407;Река Тондрорил;;;;;;;;;;;x
PROV408;Озеро Дарроумир;;;;;;;;;;;x
PROV409;Озеро Дарроумир;;;;;;;;;;;x
PROV410;Озеро Дарроумир;;;;;;;;;;;x
PROV411;Озеро Лордамер;;;;;;;;;;;x
PROV412;Озеро Лордамер;;;;;;;;;;;x
PROV413;Озеро Лордамер;;;;;;;;;;;x
PROV414;Река Северные врата;;;;;;;;;;;x
PROV415;Река Северные врата;;;;;;;;;;;x
PROV416;Река Северные врата;;;;;;;;;;;x
PROV417;Озеро Элрендар;;;;;;;;;;;x
PROV418;Озеро Элрендар;;;;;;;;;;;x
PROV419;Река Северный Элрендар;;;;;;;;;;;x
PROV420;Река Северный Элрендар;;;;;;;;;;;x
PROV421;Река Северный Элрендар;;;;;;;;;;;x
PROV422;Река Южный Элрендар;;;;;;;;;;;x
PROV423;Река Южный Элрендар;;;;;;;;;;;x
PROV424;Река Южный Элрендар;;;;;;;;;;;x
PROV425;Река Южный Элрендар;;;;;;;;;;;x
PROV426;Озеро Каменных Столбов;;;;;;;;;;;x
PROV427;Озеро Слез;;;;;;;;;;;x
PROV428;Озеро Лок;;;;;;;;;;;x
PROV429;Протяженное побережье;;;;;;;;;;;x
PROV430;Протяженное побережье;;;;;;;;;;;x
PROV431;Протяженное побережье;;;;;;;;;;;x
PROV432;Побережье Штормграда;;;;;;;;;;;x
PROV433;Гибельный берег;;;;;;;;;;;x
PROV434;Коварный риф;;;;;;;;;;;x
PROV435;Устье Назферити;;;;;;;;;;;x
PROV436;Южный Гибельный берег;;;;;;;;;;;x
PROV437;Южный Гибельный берег;;;;;;;;;;;x
PROV438;Иньин;;;;;;;;;;;x
PROV439;Пустынный берег;;;;;;;;;;;x
PROV440;Хрустальный берег;;;;;;;;;;;x
PROV441;Красные берега;;;;;;;;;;;x
PROV442;Красные берега;;;;;;;;;;;x
PROV443;Берег Обломков;;;;;;;;;;;x
PROV444;Тростниковый берег;;;;;;;;;;;x
PROV445;Тростниковый берег;;;;;;;;;;;x
PROV446;Запретное море;;;;;;;;;;;x
PROV447;Запретное море;;;;;;;;;;;x
PROV448;Запретное море;;;;;;;;;;;x
PROV449;Высокий берег;;;;;;;;;;;x
PROV450;Высокий берег;;;;;;;;;;;x
PROV451;Высокий берег;;;;;;;;;;;x
PROV452;Скользкая бухта;;;;;;;;;;;x
PROV453;Высокий берег;;;;;;;;;;;x
PROV454;Высокий берег;;;;;;;;;;;x
PROV455;Высокий берег;;;;;;;;;;;x
PROV456;Высокий берег;;;;;;;;;;;x
PROV457;Мост Тандола;;;;;;;;;;;x
PROV458;Отвесные скалы;;;;;;;;;;;x
PROV459;Отвесные скалы;;;;;;;;;;;x
PROV460;Отвесные скалы;;;;;;;;;;;x
PROV461;Побережье Авалона;;;;;;;;;;;x
PROV462;Побережье Авалона;;;;;;;;;;;x
PROV463;Побережье Авалона;;;;;;;;;;;x
PROV464;Юнци;;;;;;;;;;;x
PROV465;Побережье Амани;;;;;;;;;;;x
PROV466;Побережье Амани;;;;;;;;;;;x
PROV467;Побережье Амани;;;;;;;;;;;x
PROV468;Побережье Амани;;;;;;;;;;;x
PROV469;Побережье Лазурного Ветра;;;;;;;;;;;x
PROV470;Побережье Лазурного Ветра;;;;;;;;;;;x
PROV471;Безмятежный берег;;;;;;;;;;;x
PROV472;Безмятежный берег;;;;;;;;;;;x
PROV473;Шил-Цем;;;;;;;;;;;x
PROV474;Безмятежный берег;;;;;;;;;;;x
PROV475;Безмятежный берег;;;;;;;;;;;x
PROV476;Залив Зеленожабрых;;;;;;;;;;;x
PROV477;Залив Зеленожабрых;;;;;;;;;;;x
PROV478;Бинан;;;;;;;;;;;x
PROV479;Залив Зеленожабрых;;;;;;;;;;;x
PROV480;Нефритовый карп;;;;;;;;;;;x
PROV481;Залив Зеленожабрых;;;;;;;;;;;x
PROV482;Золотистое взморье;;;;;;;;;;;x
PROV483;Побережье Шаландиса;;;;;;;;;;;x
PROV484;Побережье Шаландиса;;;;;;;;;;;x
PROV485;Северное побережье;;;;;;;;;;;x
PROV486;Северное побережье;;;;;;;;;;;x
PROV487;Северное побережье;;;;;;;;;;;x
PROV488;Северное побережье;;;;;;;;;;;x
PROV489;Северное побережье;;;;;;;;;;;x
PROV490;Северный прилив;;;;;;;;;;;x
PROV491;Северный прилив;;;;;;;;;;;x
PROV492;Северный прилив;;;;;;;;;;;x
PROV493;Побережье Дозора Гейла;;;;;;;;;;;x
PROV494;Побережье Дозора Гейла;;;;;;;;;;;x
PROV495;Побережье Дозора Гейла;;;;;;;;;;;x
PROV496;Сумеречный берег;;;;;;;;;;;x
PROV497;Сумеречный берег;;;;;;;;;;;x
PROV498;Бухта Барадин;;;;;;;;;;;x
PROV499;Чернильная Жабра;;;;;;;;;;;x
PROV500;Хилсбрадское побережье;;;;;;;;;;;x
PROV501;Хилсбрадское побережье;;;;;;;;;;;x
PROV502;Говорящие с водой;;;;;;;;;;;x
PROV503;Затонувший риф;;;;;;;;;;;x
PROV504;Погибший Плот;;;;;;;;;;;x
PROV505;Залив Менетил;;;;;;;;;;;x
PROV506;Мускусная Лапа;;;;;;;;;;;x
PROV507;Рыжие утесы;;;;;;;;;;;x
PROV508;Жу-Цзинь;;;;;;;;;;;x
PROV509;Хак'шикс;;;;;;;;;;;x
PROV510;Бухта Барадин;;;;;;;;;;;x
PROV511;Побережье Острова Отчаяния;;;;;;;;;;;x
PROV512;Чоу;;;;;;;;;;;x
PROV513;Великое море;;;;;;;;;;;x
PROV514;Тирассийское побережье;;;;;;;;;;;x
PROV515;Тирассийское побережье;;;;;;;;;;;x
PROV516;Тирассийское побережье;;;;;;;;;;;x
PROV517;Тирассийское побережье;;;;;;;;;;;x
PROV518;Тирассийское побережье;;;;;;;;;;;x
PROV519;Тирассийское побережье;;;;;;;;;;;x
PROV520;Великое море;;;;;;;;;;;x
PROV521;Великое море;;;;;;;;;;;x
PROV522;Великое море;;;;;;;;;;;x
PROV523;Балорское побережье;;;;;;;;;;;x
PROV524;Балорское побережье;;;;;;;;;;;x
PROV525;Балорское побережье;;;;;;;;;;;x
PROV526;Огненный Цветок;;;;;;;;;;;x
PROV527;Могуцзя;;;;;;;;;;;x
PROV528;Река Вералл;;;;;;;;;;;x
PROV529;Река Вералл;;;;;;;;;;;x
PROV530;Река Вералл;;;;;;;;;;;x
PROV531;Река Вералл;;;;;;;;;;;x
PROV532;Река Вералл;;;;;;;;;;;x
PROV533;Побережье Шаландиса;;;;;;;;;;;x
PROV534;Ордо;;;;;;;;;;;x
PROV535;Врата Августейших;;;;;;;;;;;x
PROV536;Кун;;;;;;;;;;;x
PROV537;Базар;;;;;;;;;;;x
PROV538;Джутовый путь;;;;;;;;;;;x
PROV539;Пэй-Лэй;;;;;;;;;;;x
PROV540;Рур Цуг;;;;;;;;;;;x
PROV541;Восточный Ломаный Зуб;;;;;;;;;;;x
PROV542;Западный Ломаный Зуб;;;;;;;;;;;x
PROV543;Тяжелый Коготь;;;;;;;;;;;x
PROV544;Дукерский Купол;;;;;;;;;;;x
PROV545;Кукерский холм;;;;;;;;;;;x
PROV546;Ревущий Ветер;;;;;;;;;;;x
PROV547;Шадо-Ли;;;;;;;;;;;x
PROV548;Пик Коту;;;;;;;;;;;x
PROV549;Холмы Коту;;;;;;;;;;;x
PROV550;Зимнее Цветение;;;;;;;;;;;x
PROV551;Врата Быка;;;;;;;;;;;x
PROV552;Лушат Лан;;;;;;;;;;;x
PROV553;Кен-Тал;;;;;;;;;;;x
PROV554;Точка Искателя;;;;;;;;;;;x
PROV555;Причуда Искателя;;;;;;;;;;;x
PROV556;Гора Неутомимых;;;;;;;;;;;x
PROV557;Небесный Удар;;;;;;;;;;;x
PROV558;Снежный сугроб;;;;;;;;;;;x
PROV559;Остров Йоджамба;;;;;;;;;;;x
PROV560;Гора Каджаро;;;;;;;;;;;x
PROV561;Трюмные Воды;;;;;;;;;;;x
PROV562;Галливикс;;;;;;;;;;;x
PROV563;Каджамитовая шахта;;;;;;;;;;;x
PROV564;Шустроног;;;;;;;;;;;x
PROV565;Эдж;;;;;;;;;;;x
PROV566;Гоночная трасса;;;;;;;;;;;x
PROV567;Вудресс;;;;;;;;;;;x
PROV568;Пиктвик;;;;;;;;;;;x
PROV569;Остров Вулканота;;;;;;;;;;;x
PROV570;Дикий остров;;;;;;;;;;;x
PROV571;Физзспарк;;;;;;;;;;;x
PROV572;Грязевая топь;;;;;;;;;;;x
PROV573;Умск;;;;;;;;;;;x
PROV574;Урзз;;;;;;;;;;;x
PROV575;Хозу-Мозу;;;;;;;;;;;x
PROV576;Банановый лес;;;;;;;;;;;x
PROV577;Вайш'ир;;;;;;;;;;;x
PROV578;Вайш'ир;;;;;;;;;;;x
PROV579;Вайш'ир;;;;;;;;;;;x
PROV580;Вайш'ир;;;;;;;;;;;x
PROV581;Вайш'ир;;;;;;;;;;;x
PROV582;Чжао'тем;;;;;;;;;;;x
PROV583;Вайш'ир;;;;;;;;;;;x
PROV584;Южное море;;;;;;;;;;;x
PROV585;Южное море;;;;;;;;;;;x
PROV586;Южное море;;;;;;;;;;;x
PROV587;Южное море;;;;;;;;;;;x
PROV588;Южное море;;;;;;;;;;;x
PROV589;Южное море;;;;;;;;;;;x
PROV590;Журавлиное Крыло;;;;;;;;;;;x
PROV591;Южное море;;;;;;;;;;;x
PROV592;Южное море;;;;;;;;;;;x
PROV593;Южное море;;;;;;;;;;;x
PROV594;Южное море;;;;;;;;;;;x
PROV595;Южное море;;;;;;;;;;;x
PROV596;Южное море;;;;;;;;;;;x
PROV597;Южное море;;;;;;;;;;;x
PROV598;Южное море;;;;;;;;;;;x
PROV599;Южное море;;;;;;;;;;;x
PROV600;Южное море;;;;;;;;;;;x
PROV601;Южное море;;;;;;;;;;;x
PROV602;Южное море;;;;;;;;;;;x
PROV603;Южное море;;;;;;;;;;;x
PROV604;Опадающие лепестки;;;;;;;;;;;x
PROV605;Южное море;;;;;;;;;;;x
PROV606;Южное море;;;;;;;;;;;x
PROV607;Южное море;;;;;;;;;;;x
PROV608;Южное море;;;;;;;;;;;x
PROV609;Южное море;;;;;;;;;;;x
PROV610;Южное море;;;;;;;;;;;x
PROV611;Южное море;;;;;;;;;;;x
PROV612;Южное море;;;;;;;;;;;x
PROV613;Южное море;;;;;;;;;;;x
PROV614;Южное море;;;;;;;;;;;x
PROV615;Дже'сед;;;;;;;;;;;x
PROV616;Южное море;;;;;;;;;;;x
PROV617;Южное море;;;;;;;;;;;x
PROV618;Южное море;;;;;;;;;;;x
PROV619;Южное море;;;;;;;;;;;x
PROV620;Южное море;;;;;;;;;;;x
PROV621;Южное море;;;;;;;;;;;x
PROV622;Южное море;;;;;;;;;;;x
PROV623;Южное море;;;;;;;;;;;x
PROV624;Южное море;;;;;;;;;;;x
PROV625;Южное море;;;;;;;;;;;x
PROV626;Южное море;;;;;;;;;;;x
PROV627;Южное море;;;;;;;;;;;x
PROV628;Южное море;;;;;;;;;;;x
PROV629;Южное море;;;;;;;;;;;x
PROV630;Южное море;;;;;;;;;;;x
PROV631;Южное море;;;;;;;;;;;x
PROV632;Южное море;;;;;;;;;;;x
PROV633;Южное море;;;;;;;;;;;x
PROV634;Южное море;;;;;;;;;;;x
PROV635;Южное море;;;;;;;;;;;x
PROV636;Южное море;;;;;;;;;;;x
PROV637;Южное море;;;;;;;;;;;x
PROV638;Южное море;;;;;;;;;;;x
PROV639;Южное море;;;;;;;;;;;x
PROV640;Южное море;;;;;;;;;;;x
PROV641;Южное море;;;;;;;;;;;x
PROV642;Южное море;;;;;;;;;;;x
PROV643;Вайш'ир;;;;;;;;;;;x
PROV644;Пещера Журавля;;;;;;;;;;;x
PROV645;Ферсетон;;;;;;;;;;;x
PROV646;Дандред;;;;;;;;;;;x
PROV647;Шепщущий лес;;;;;;;;;;;x
PROV648;Сверкающий берег;;;;;;;;;;;x
PROV649;Окс'тигар;;;;;;;;;;;x
PROV650;Побережье Кун-Лай;;;;;;;;;;;x
PROV651;Драконье гнездо;;;;;;;;;;;x
PROV652;Цветущая Зима;;;;;;;;;;;x
PROV653;Хрустальное озеро;;;;;;;;;;;x
PROV654;Зеркальное озеро;;;;;;;;;;;x
PROV655;Низина Зул'гуруб;;;;;;;;;;;x
PROV656;Подход Сурвича;;;;;;;;;;;x
PROV657;Озеро Безмолвия;;;;;;;;;;;x
PROV658;Озеро;;;;;;;;;;;x
PROV659;Озеро;;;;;;;;;;;x
PROV660;Болото Мохошкуров;;;;;;;;;;;x
PROV661;Озеро;;;;;;;;;;;x
PROV662;Озеро;;;;;;;;;;;x
PROV663;Озеро;;;;;;;;;;;x
PROV664;Озеро;;;;;;;;;;;x
PROV665;Ветреное озеро;;;;;;;;;;;x
PROV666;Озеро;;;;;;;;;;;x
PROV667;Озеро;;;;;;;;;;;x
PROV668;Озеро;;;;;;;;;;;x
PROV669;Озеро;;;;;;;;;;;x
PROV670;Цзоучин;;;;;;;;;;;x
PROV671;Озеро;;;;;;;;;;;x
PROV672;Тихий омут;;;;;;;;;;;x
PROV673;Озеро Ясноводное;;;;;;;;;;;x
PROV674;Озеро;;;;;;;;;;;x
PROV675;Озеро Чернолесья;;;;;;;;;;;x
PROV676;Озеро Мерельдар;;;;;;;;;;;x
PROV677;Озеро Полезное;;;;;;;;;;;x
PROV678;Озеро;;;;;;;;;;;x
PROV679;Озеро;;;;;;;;;;;x
PROV680;Озеро;;;;;;;;;;;x
PROV681;Озеро;;;;;;;;;;;x
PROV682;Озеро;;;;;;;;;;;x
PROV683;Озеро;;;;;;;;;;;x
PROV684;Озеро;;;;;;;;;;;x
PROV685;Озеро;;;;;;;;;;;x
PROV686;Чиоцзи;;;;;;;;;;;x
PROV687;Колыбель Чи-Цзи;;;;;;;;;;;x
PROV688;Ки Крак;;;;;;;;;;;x
PROV689;Майсарские холмы;;;;;;;;;;;x
PROV690;Ула-Тек;;;;;;;;;;;x
PROV691;Зеленая лихорадка;;;;;;;;;;;x
PROV692;Зул'машар;;;;;;;;;;;x
PROV693;Побережье Абасси;;;;;;;;;;;x
PROV694;Озеро Абасси;;;;;;;;;;;x
PROV695;Ледяная Корона;;;;;;;;;;;x
PROV696;Утгард;;;;;;;;;;;x
PROV697;Халгринд;;;;;;;;;;;x
PROV698;Пылающее Гнездовье;;;;;;;;;;;x
PROV699;Новый Агамонд;;;;;;;;;;;x
PROV700;Заградительный холм;;;;;;;;;;;x
PROV701;Грарланд;;;;;;;;;;;x
PROV702;Побережье Драконьего Черепа;;;;;;;;;;;x
PROV703;Камагуа;;;;;;;;;;;x
PROV704;Искаал;;;;;;;;;;;x
PROV705;Лагерь Скалаваг;;;;;;;;;;;x
PROV706;Побережье Сорлофа;;;;;;;;;;;x
PROV707;Ниффлвар;;;;;;;;;;;x
PROV708;Бейлгун;;;;;;;;;;;x
PROV709;Восточный мыс;;;;;;;;;;;x
PROV710;Ивальд;;;;;;;;;;;x
PROV711;Гибльхейм;;;;;;;;;;;x
PROV712;Кровоточащая долина;;;;;;;;;;;x
PROV713;Тропа великанов;;;;;;;;;;;x
PROV714;Остров Колдрос;;;;;;;;;;;x
PROV715;Лесная поляна;;;;;;;;;;;x
PROV716;Заиндевевшее Копыто;;;;;;;;;;;x
PROV717;Расколотые утесы;;;;;;;;;;;x
PROV718;Гьялерброн;;;;;;;;;;;x
PROV719;Терзающие Вдовы;;;;;;;;;;;x
PROV720;Стальные Врата;;;;;;;;;;;x
PROV721;Скорн;;;;;;;;;;;x
PROV722;Стылая Межа;;;;;;;;;;;x
PROV723;Озеро Колдрос;;;;;;;;;;;x
PROV724;Озеро Дыхания Зимы;;;;;;;;;;;x
PROV725;Стылое озеро;;;;;;;;;;;x
PROV726;Небольшая речка;;;;;;;;;;;x
PROV727;Небольшая речка;;;;;;;;;;;x
PROV728;Озеро;;;;;;;;;;;x
PROV729;Бухта Торговцев;;;;;;;;;;;x
PROV730;Черноречье;;;;;;;;;;;x
PROV731;Драк'Зин;;;;;;;;;;;x
PROV732;Зеб'Халак;;;;;;;;;;;x
PROV733;Среброречье;;;;;;;;;;;x
PROV734;Голубой купол;;;;;;;;;;;x
PROV735;Янтарная Сосна;;;;;;;;;;;x
PROV736;Волдрун;;;;;;;;;;;x
PROV737;Седая Пасть;;;;;;;;;;;x
PROV738;Яростный Клык;;;;;;;;;;;x
PROV739;Озаренная Кровь;;;;;;;;;;;x
PROV740;Уанква;;;;;;;;;;;x
PROV741;Солнцестояние;;;;;;;;;;;x
PROV742;Полый Камень;;;;;;;;;;;x
PROV743;Драк'атал;;;;;;;;;;;x
PROV744;Урсден;;;;;;;;;;;x
PROV745;Дракил'джин;;;;;;;;;;;x
PROV746;Тетис;;;;;;;;;;;x
PROV747;Остров Кровавой Луны;;;;;;;;;;;x
PROV748;Тор Модан;;;;;;;;;;;x
PROV749;Каменистые холмы;;;;;;;;;;;x
PROV750;Дун Аргол;;;;;;;;;;;x
PROV751;Озеро;;;;;;;;;;;x
PROV752;Озеро;;;;;;;;;;;x
PROV753;Озеро;;;;;;;;;;;x
PROV754;Гундрак;;;;;;;;;;;x
PROV755;Зол'Хеб;;;;;;;;;;;x
PROV756;Дубра'Джин;;;;;;;;;;;x
PROV757;Зол'Маз;;;;;;;;;;;x
PROV758;Мам'тот;;;;;;;;;;;x
PROV759;Рунок;;;;;;;;;;;x
PROV760;Драк'Мабва;;;;;;;;;;;x
PROV761;Зим'Рук;;;;;;;;;;;x
PROV762;Харкоа;;;;;;;;;;;x
PROV763;Кетц'лун;;;;;;;;;;;x
PROV764;Зим'Торга;;;;;;;;;;;x
PROV765;Хеб'драккар;;;;;;;;;;;x
PROV766;Драк'тарон;;;;;;;;;;;x
PROV767;Дракуру;;;;;;;;;;;x
PROV768;Яростный Коготь;;;;;;;;;;;x
PROV769;Низкие поля;;;;;;;;;;;x
PROV770;Чага'Джин;;;;;;;;;;;x
PROV771;Драк'Сотра;;;;;;;;;;;x
PROV772;Зим'Абва;;;;;;;;;;;x
PROV773;Арена Драккари;;;;;;;;;;;x
PROV774;Хеб'Валок;;;;;;;;;;;x
PROV775;Шшератус;;;;;;;;;;;x
PROV776;Озеро Яростного Когтя;;;;;;;;;;;x
PROV777;Драконий Покой;;;;;;;;;;;x
PROV778;Магнадот;;;;;;;;;;;x
PROV779;Галакронд;;;;;;;;;;;x
PROV780;Магнадон;;;;;;;;;;;x
PROV781;Порочные Кристаллы;;;;;;;;;;;x
PROV782;Магута;;;;;;;;;;;x
PROV783;Драконья Погибель;;;;;;;;;;;x
PROV784;Холодный Ветер;;;;;;;;;;;x
PROV785;Ледяная Пыль;;;;;;;;;;;x
PROV786;Ледяная Темница;;;;;;;;;;;x
PROV787;Таутау;;;;;;;;;;;x
PROV788;Хамон;;;;;;;;;;;x
PROV789;Моа'ки;;;;;;;;;;;x
PROV790;Инду'ле;;;;;;;;;;;x
PROV791;Снегопад;;;;;;;;;;;x
PROV792;Огит;;;;;;;;;;;x
PROV793;Рубиновое святилище;;;;;;;;;;;x
PROV794;Лазурное святилище;;;;;;;;;;;x
PROV795;Изумрудное святилище;;;;;;;;;;;x
PROV796;Бронзовое святилище;;;;;;;;;;;x
PROV797;Обсидиановое святилище;;;;;;;;;;;x
PROV798;Стражи Зимы;;;;;;;;;;;x
PROV799;Трупень;;;;;;;;;;;x
PROV800;Будур;;;;;;;;;;;x
PROV801;Тон'кроа;;;;;;;;;;;x
PROV802;Ноке'роа;;;;;;;;;;;x
PROV803;Жуть;;;;;;;;;;;x
PROV804;Джинта'Калар;;;;;;;;;;;x
PROV805;Кладурк;;;;;;;;;;;x
PROV806;Морозная Судьба;;;;;;;;;;;x
PROV807;Озеро Инду'ле;;;;;;;;;;;x
PROV808;Озеро Драк'мар;;;;;;;;;;;x
PROV809;Кладовая Драконьего хребта;;;;;;;;;;;x
PROV810;Кладовая Драконьего хребта;;;;;;;;;;;x
PROV811;Кладовая Драконьего хребта;;;;;;;;;;;x
PROV812;Река Дровосеков;;;;;;;;;;;x
PROV813;Река Дровосеков;;;;;;;;;;;x
PROV814;Озеро Дровосеков;;;;;;;;;;;x
PROV815;Бухта Кинжалов;;;;;;;;;;;x
PROV816;Бухта Кинжалов;;;;;;;;;;;x
PROV817;Берег Древних;;;;;;;;;;;x
PROV818;Камень Силы;;;;;;;;;;;x
PROV819;Кровоспора;;;;;;;;;;;x
PROV820;Назам;;;;;;;;;;;x
PROV821;Берилл;;;;;;;;;;;x
PROV822;Эх'нус;;;;;;;;;;;x
PROV823;Далечье;;;;;;;;;;;x
PROV824;Пески Назама;;;;;;;;;;;x
PROV825;Рандлиш;;;;;;;;;;;x
PROV826;Терзающий Бич;;;;;;;;;;;x
PROV827;Янтарная гряда;;;;;;;;;;;x
PROV828;Кум'уа;;;;;;;;;;;x
PROV829;Озеро Кум'уа;;;;;;;;;;;x
PROV830;Мерзлый Камень;;;;;;;;;;;x
PROV831;Озеро;;;;;;;;;;;x
PROV832;Ньорд;;;;;;;;;;;x
PROV833;Абанрич;;;;;;;;;;;x
PROV834;Уну'пе;;;;;;;;;;;x
PROV835;Леле;;;;;;;;;;;x
PROV836;Барун;;;;;;;;;;;x
PROV837;Горячее поле;;;;;;;;;;;x
PROV838;Большой омут;;;;;;;;;;;x
PROV839;Паровое озеро;;;;;;;;;;;x
PROV840;Магмот;;;;;;;;;;;x
PROV841;Стальная Челюсть;;;;;;;;;;;x
PROV842;Элдра'нат;;;;;;;;;;;x
PROV843;Винрет;;;;;;;;;;;x
PROV844;Зимние плавники;;;;;;;;;;;x
PROV845;Эн'кила;;;;;;;;;;;x
PROV846;Таунка'ле;;;;;;;;;;;x
PROV847;Студеный предел;;;;;;;;;;;x
PROV848;Ледяная стена;;;;;;;;;;;x
PROV849;Хладарра;;;;;;;;;;;x
PROV850;Паровые источники;;;;;;;;;;;x
PROV851;Паровые источники;;;;;;;;;;;x
PROV852;Река Ледяных Оков;;;;;;;;;;;x
PROV853;Река Бешеное Сердце;;;;;;;;;;;x
PROV854;Водопады Гласа Дождя;;;;;;;;;;;x
PROV855;Озеро Горьких Волн;;;;;;;;;;;x
PROV856;Разлом Морского Потока;;;;;;;;;;;x
PROV857;Сердце Реки;;;;;;;;;;;x
PROV858;Ульдуар;;;;;;;;;;;x
PROV859;Мариста;;;;;;;;;;;x
PROV860;Унга-Ингу;;;;;;;;;;;x
PROV861;Южные острова;;;;;;;;;;;x
PROV862;Лягушачий остров;;;;;;;;;;;x
PROV863;Доцзян;;;;;;;;;;;x
PROV864;Яхинал;;;;;;;;;;;x
PROV865;Черепаший берег;;;;;;;;;;;x
PROV866;Забана;;;;;;;;;;;x
PROV867;Квегсцоа;;;;;;;;;;;x
PROV868;Тунка'ло;;;;;;;;;;;x
PROV869;Нидавелир;;;;;;;;;;;x
PROV870;Сход Снегов;;;;;;;;;;;x
PROV871;Глыбоскал;;;;;;;;;;;x
PROV872;Валькирион;;;;;;;;;;;x
PROV873;Роэмдаль;;;;;;;;;;;x
PROV874;Дыхание Бора;;;;;;;;;;;x
PROV875;Ледяная крепость;;;;;;;;;;;x
PROV876;Пешие луга;;;;;;;;;;;x
PROV877;Арра;;;;;;;;;;;x
PROV878;Слепящие Снега;;;;;;;;;;;x
PROV879;Рикет;;;;;;;;;;;x
PROV880;Гарм;;;;;;;;;;;x
PROV881;Бруннхильдар;;;;;;;;;;;x
PROV882;Сифрельдар;;;;;;;;;;;x
PROV883;Долина Зимы;;;;;;;;;;;x
PROV884;Дун Ниффелем;;;;;;;;;;;x
PROV885;Промерзшее озеро;;;;;;;;;;;x
PROV886;Громовержье;;;;;;;;;;;x
PROV887;Фьорн;;;;;;;;;;;x
PROV888;Глас Дождя;;;;;;;;;;;x
PROV889;Дикорос;;;;;;;;;;;x
PROV890;Зиморос;;;;;;;;;;;x
PROV891;Бешеное Сердце;;;;;;;;;;;x
PROV892;Сапфирный улей;;;;;;;;;;;x
PROV893;Нозронн;;;;;;;;;;;x
PROV894;Картак;;;;;;;;;;;x
PROV895;Путевые врата;;;;;;;;;;;x
PROV896;Крондол;;;;;;;;;;;x
PROV897;Эрнестуэй;;;;;;;;;;;x
PROV898;Горл'ро;;;;;;;;;;;x
PROV899;Брызгунья;;;;;;;;;;;x
PROV900;Копьеносец;;;;;;;;;;;x
PROV901;Поля Костей;;;;;;;;;;;x
PROV902;Дождевой берег;;;;;;;;;;;x
PROV903;Глумр;;;;;;;;;;;x
PROV904;Ваятель Бурь;;;;;;;;;;;x
PROV905;Сплурмурслр;;;;;;;;;;;x
PROV906;Гургрл;;;;;;;;;;;x
PROV907;Ангратар;;;;;;;;;;;x
PROV908;Зловещая крепость;;;;;;;;;;;x
PROV909;Селфорш;;;;;;;;;;;x
PROV910;Беруфелл;;;;;;;;;;;x
PROV911;Хоскульдсар;;;;;;;;;;;x
PROV912;Хуснар;;;;;;;;;;;x
PROV913;Ан'маркус;;;;;;;;;;;x
PROV914;Гуодалир;;;;;;;;;;;x
PROV915;Скалмарнес;;;;;;;;;;;x
PROV916;Тихая долина;;;;;;;;;;;x
PROV917;Алдур'тар;;;;;;;;;;;x
PROV918;Нарфеири;;;;;;;;;;;x
PROV919;Кори;;;;;;;;;;;x
PROV920;Ледяная долина;;;;;;;;;;;x
PROV921;Балагард;;;;;;;;;;;x
PROV922;Ньорндар;;;;;;;;;;;x
PROV923;Хельгафьялл;;;;;;;;;;;x
PROV924;Ферстикла;;;;;;;;;;;x
PROV925;Имирхейм;;;;;;;;;;;x
PROV926;Хольмслатр;;;;;;;;;;;x
PROV927;Джахакуа;;;;;;;;;;;x
PROV928;Миехона;;;;;;;;;;;x
PROV929;Забыторн;;;;;;;;;;;x
PROV930;Асмель;;;;;;;;;;;x
PROV931;Замерший поток;;;;;;;;;;;x
PROV932;Зеркало Сумерек;;;;;;;;;;;x
PROV933;Поющие Вершины;;;;;;;;;;;x
PROV934;Рыболовное побережье;;;;;;;;;;;x
PROV935;Песчаные отмели;;;;;;;;;;;x
PROV936;Громовая Расселина;;;;;;;;;;;x
PROV937;Красаранг;;;;;;;;;;;x
PROV938;Залив Жерла;;;;;;;;;;;x
PROV939;Высокий Калери;;;;;;;;;;;x
PROV940;Коблин;;;;;;;;;;;x
PROV941;Холм Гара;;;;;;;;;;;x
PROV942;Северный мыс;;;;;;;;;;;x
PROV943;Масляные озера;;;;;;;;;;;x
PROV944;Джи'Калак;;;;;;;;;;;x
PROV945;Хил'дор;;;;;;;;;;;x
PROV946;Батток'Алор;;;;;;;;;;;x
PROV947;Айсжул'до;;;;;;;;;;;x
PROV948;Механобум;;;;;;;;;;;x
PROV949;Драконьи Острова;;;;;;;;;;;x
PROV950;Гаечный порт;;;;;;;;;;;x
PROV951;Кагрим;;;;;;;;;;;x
PROV952;Врата Ворона;;;;;;;;;;;x
PROV953;Темное побережье;;;;;;;;;;;x
PROV954;Остров Глефы;;;;;;;;;;;x
PROV955;Пасть Дракона;;;;;;;;;;;x
PROV956;Великое море;;;;;;;;;;;x
PROV957;Великое море;;;;;;;;;;;x
PROV958;Великое море;;;;;;;;;;;x
PROV959;Великое море;;;;;;;;;;;x
PROV960;Великое море;;;;;;;;;;;x
PROV961;Великое море;;;;;;;;;;;x
PROV962;Великое море;;;;;;;;;;;x
PROV963;Великое море;;;;;;;;;;;x
PROV964;Великое море;;;;;;;;;;;x
PROV965;Великое море;;;;;;;;;;;x
PROV966;Великое море;;;;;;;;;;;x
PROV967;Великое море;;;;;;;;;;;x
PROV968;Великое море;;;;;;;;;;;x
PROV969;Великое море;;;;;;;;;;;x
PROV970;Великое море;;;;;;;;;;;x
PROV971;Великое море;;;;;;;;;;;x
PROV972;Великое море;;;;;;;;;;;x
PROV973;Великое море;;;;;;;;;;;x
PROV974;Великое море;;;;;;;;;;;x
PROV975;Великое море;;;;;;;;;;;x
PROV976;Великое море;;;;;;;;;;;x
PROV977;Великое море;;;;;;;;;;;x
PROV978;Великое море;;;;;;;;;;;x
PROV979;Великое море;;;;;;;;;;;x
PROV980;Великое море;;;;;;;;;;;x
PROV981;Великое море;;;;;;;;;;;x
PROV982;Великое море;;;;;;;;;;;x
PROV983;Великое море;;;;;;;;;;;x
PROV984;Великое море;;;;;;;;;;;x
PROV985;Великое море;;;;;;;;;;;x
PROV986;Великое море;;;;;;;;;;;x
PROV987;Великое море;;;;;;;;;;;x
PROV988;Великое море;;;;;;;;;;;x
PROV989;Великое море;;;;;;;;;;;x
PROV990;Великое море;;;;;;;;;;;x
PROV991;Великое море;;;;;;;;;;;x
PROV992;Великое море;;;;;;;;;;;x
PROV993;Великое море;;;;;;;;;;;x
PROV994;Великое море;;;;;;;;;;;x
PROV995;Великое море;;;;;;;;;;;x
PROV996;Великое море;;;;;;;;;;;x
PROV997;Южное море;;;;;;;;;;;x
PROV998;Южное море;;;;;;;;;;;x
PROV999;Южное море;;;;;;;;;;;x
PROV1000;Южное море;;;;;;;;;;;x
PROV1001;Южное море;;;;;;;;;;;x
PROV1002;Южное море;;;;;;;;;;;x
PROV1003;Южное море;;;;;;;;;;;x
PROV1004;Великое море;;;;;;;;;;;x
PROV1005;Великое море;;;;;;;;;;;x
PROV1006;Великое море;;;;;;;;;;;x
PROV1007;Великое море;;;;;;;;;;;x
PROV1008;Ан'кахет;;;;;;;;;;;x
PROV1009;Циша'зус;;;;;;;;;;;x
PROV1010;Эн'рекан;;;;;;;;;;;x
PROV1011;Кралмар;;;;;;;;;;;x
PROV1012;Ха'драк;;;;;;;;;;;x
PROV1013;Хадронокс'зин;;;;;;;;;;;x
PROV1014;Нурджак;;;;;;;;;;;x
PROV1015;Родовая яма;;;;;;;;;;;x
PROV1016;Крал'рокс;;;;;;;;;;;x
PROV1017;Серджесаик;;;;;;;;;;;x
PROV1018;Сут'рашин;;;;;;;;;;;x
PROV1019;Эн'неруб;;;;;;;;;;;x
PROV1020;Хулджил;;;;;;;;;;;x
PROV1021;Герзос;;;;;;;;;;;x
PROV1022;Крат'рен;;;;;;;;;;;x
PROV1023;Мушвар;;;;;;;;;;;x
PROV1024;Грайс'толис;;;;;;;;;;;x
PROV1025;Хайд'рикс;;;;;;;;;;;x
PROV1026;Йимок'аир;;;;;;;;;;;x
PROV1027;Эн'кера;;;;;;;;;;;x
PROV1028;Сизол'рар;;;;;;;;;;;x
PROV1029;Гак'усил;;;;;;;;;;;x
PROV1030;Ануб'дахак;;;;;;;;;;;x
PROV1031;Каменная яма;;;;;;;;;;;x
PROV1032;Хис'зир;;;;;;;;;;;x
PROV1033;Затерянный город;;;;;;;;;;;x
PROV1034;Кровавая земля;;;;;;;;;;;x
PROV1035;Крак'тол;;;;;;;;;;;x
PROV1036;Юланул;;;;;;;;;;;x
PROV1037;Ниснат;;;;;;;;;;;x
PROV1038;Осколок Бездны;;;;;;;;;;;x
PROV1039;Крешалан;;;;;;;;;;;x
PROV1040;Кил'тал;;;;;;;;;;;x
PROV1041;Горячий путь;;;;;;;;;;;x
PROV1042;Свечной перевал;;;;;;;;;;;x
PROV1043;Болезненное побережье;;;;;;;;;;;x
PROV1044;Норы троггов;;;;;;;;;;;x
PROV1045;Плачущий берег;;;;;;;;;;;x
PROV1046;Хайнис;;;;;;;;;;;x
PROV1047;Багровый город;;;;;;;;;;;x
PROV1048;Баравар;;;;;;;;;;;x
PROV1049;Поляна Дун;;;;;;;;;;;x
PROV1050;Стол Великанов;;;;;;;;;;;x
PROV1051;Тихое плато;;;;;;;;;;;x
PROV1052;Восковая шахта;;;;;;;;;;;x
PROV1053;Дверная Палата;;;;;;;;;;;x
PROV1054;Янтарный столб;;;;;;;;;;;x
PROV1055;Нижний сад;;;;;;;;;;;x
PROV1056;Дун Баран;;;;;;;;;;;x
PROV1057;Гривин;;;;;;;;;;;x
PROV1058;Златобар;;;;;;;;;;;x
PROV1059;Золотые Залы;;;;;;;;;;;x
PROV1060;Голгобар;;;;;;;;;;;x
PROV1061;Слезы Дианы;;;;;;;;;;;x
PROV1062;Бок'нок;;;;;;;;;;;x
PROV1063;Криен;;;;;;;;;;;x
PROV1064;Пылевая долина;;;;;;;;;;;x
PROV1065;Горлогор;;;;;;;;;;;x
PROV1066;Асъяволлр;;;;;;;;;;;x
PROV1067;Землетряска;;;;;;;;;;;x
PROV1068;Могильная река;;;;;;;;;;;x
PROV1069;Иссушенная земля;;;;;;;;;;;x
PROV1070;Вордрассил'арин;;;;;;;;;;;x
PROV1071;Урсолак;;;;;;;;;;;x
PROV1072;Алмазный берег;;;;;;;;;;;x
PROV1073;Мшистый лес;;;;;;;;;;;x
PROV1074;Изумрудная роща;;;;;;;;;;;x
PROV1075;Зеленый мыс;;;;;;;;;;;x
PROV1076;Лысый мыс;;;;;;;;;;;x
PROV1077;Острые выступы;;;;;;;;;;;x
PROV1078;Иссушенный берег;;;;;;;;;;;x
PROV1079;Сильное укрепление;;;;;;;;;;;x
PROV1080;Камнепад;;;;;;;;;;;x
PROV1081;Каменный врата;;;;;;;;;;;x
PROV1082;Йогг'халия;;;;;;;;;;;x
PROV1083;Гур'нок;;;;;;;;;;;x
PROV1084;Фар'рам;;;;;;;;;;;x
PROV1085;Сурс'нокс;;;;;;;;;;;x
PROV1086;Наз'анак;;;;;;;;;;;x
PROV1087;Эбеновые глубины;;;;;;;;;;;x
PROV1088;Саронитовый путь;;;;;;;;;;;x
PROV1089;Зеб'редар;;;;;;;;;;;x
PROV1090;Веб'анар;;;;;;;;;;;x
PROV1091;Гри'кила;;;;;;;;;;;x
PROV1092;Айкор'рекан;;;;;;;;;;;x
PROV1093;Пыльный остров;;;;;;;;;;;x
PROV1094;Нумеснил;;;;;;;;;;;x
PROV1095;Призрачный разлом;;;;;;;;;;;x
PROV1096;Йул'томас;;;;;;;;;;;x
PROV1097;Кристальные пики;;;;;;;;;;;x
PROV1098;Путь Паука;;;;;;;;;;;x
PROV1099;Хавен'верил;;;;;;;;;;;x
PROV1100;Скалистый мыс;;;;;;;;;;;x
PROV1101;Полая земля;;;;;;;;;;;x
PROV1102;Свечные равнины;;;;;;;;;;;x
PROV1103;Перевал Безумия;;;;;;;;;;;x
PROV1104;Полуостров Ратлинг;;;;;;;;;;;x
PROV1105;Хусрур;;;;;;;;;;;x
PROV1106;Дун Анкор;;;;;;;;;;;x
PROV1107;Паучий мост;;;;;;;;;;;x
PROV1108;Казра'драк;;;;;;;;;;;x
PROV1109;Око Демона;;;;;;;;;;;x
PROV1110;Ан'лакон;;;;;;;;;;;x
PROV1111;Трарит'зикс;;;;;;;;;;;x
PROV1112;Ангатар;;;;;;;;;;;x
PROV1113;Малдар;;;;;;;;;;;x
PROV1114;Мушгурд;;;;;;;;;;;x
PROV1115;Нор'килогг;;;;;;;;;;;x
PROV1116;Ньярдук;;;;;;;;;;;x
PROV1117;Зархазукс;;;;;;;;;;;x
PROV1118;Умбабу;;;;;;;;;;;x
PROV1119;Багровое озеро;;;;;;;;;;;x
PROV1120;Озеро Кровавых Слез;;;;;;;;;;;x
PROV1121;Озеро троггов;;;;;;;;;;;x
PROV1122;Болото;;;;;;;;;;;x
PROV1123;Болото;;;;;;;;;;;x
PROV1124;Болото;;;;;;;;;;;x
PROV1125;Болото;;;;;;;;;;;x
PROV1126;Алмазное озеро;;;;;;;;;;;x
PROV1127;Изумрудное озеро;;;;;;;;;;;x
PROV1128;Безграничная власть;;;;;;;;;;;x
PROV1129;Темная Бездна;;;;;;;;;;;x
PROV1130;Тонкая Бездна;;;;;;;;;;;x
PROV1131;Теневая Бездна;;;;;;;;;;;x
PROV1132;Великая Бездна;;;;;;;;;;;x
PROV1133;Змеиная Бездна;;;;;;;;;;;x
PROV1134;Расколотая Бездна;;;;;;;;;;;x
PROV1135;Забытая Бездна;;;;;;;;;;;x
PROV1136;Пожирающая Бездна;;;;;;;;;;;x
PROV1137;Запретная Бездна;;;;;;;;;;;x
PROV1138;Чжу;;;;;;;;;;;x
PROV1139;Огудей;;;;;;;;;;;x
PROV1140;Спуск Чжу;;;;;;;;;;;x
PROV1141;Ледяной хребет;;;;;;;;;;;x
PROV1142;Красарангская бухта;;;;;;;;;;;x
PROV1143;Пропасть Мира;;;;;;;;;;;x
PROV1144;Инора;;;;;;;;;;;x
PROV1145;Корцзя;;;;;;;;;;;x
PROV1146;Водослив Черных Песков;;;;;;;;;;;x
PROV1147;Поющий Водопад;;;;;;;;;;;x
PROV1148;Лес Искателя Зари;;;;;;;;;;;x
PROV1149;Поле Корцзя;;;;;;;;;;;x
PROV1150;Запретные джунгли;;;;;;;;;;;x
PROV1151;Поглощающий Шрам;;;;;;;;;;;x
PROV1152;Искажающие Шрамы;;;;;;;;;;;x
PROV1153;Глубокий Шрам;;;;;;;;;;;x
PROV1154;Улграк;;;;;;;;;;;x
PROV1155;Металловатт;;;;;;;;;;;x
PROV1156;Могу'шан;;;;;;;;;;;x
PROV1157;Ржавоболт;;;;;;;;;;;x
PROV1158;Хламоед;;;;;;;;;;;x
PROV1159;Грум;;;;;;;;;;;x
PROV1160;Обломки корабля;;;;;;;;;;;x
PROV1161;Ледяные Оковы;;;;;;;;;;;x
PROV1162;Затопленный Круг;;;;;;;;;;;x
PROV1163;Восточная Искра;;;;;;;;;;;x
PROV1164;Павший Храм;;;;;;;;;;;x
PROV1165;Холодная трясина;;;;;;;;;;;x
PROV1166;Побережье Цзоучин;;;;;;;;;;;x
PROV1167;Чик-Рал'тан;;;;;;;;;;;x
PROV1168;Брек'шаим;;;;;;;;;;;x
PROV1169;Остров Расплаты;;;;;;;;;;;x
PROV1170;Шепот Облака;;;;;;;;;;;x
PROV1171;Обитель Творцов;;;;;;;;;;;x
PROV1172;Крыло императора;;;;;;;;;;;x
PROV1173;Корун;;;;;;;;;;;x
PROV1174;Кардак'ахар;;;;;;;;;;;x
PROV1175;Могу'гар;;;;;;;;;;;x
PROV1176;Тар-Дар;;;;;;;;;;;x
PROV1177;Западный Туман;;;;;;;;;;;x
PROV1178;Манти'весс;;;;;;;;;;;x
PROV1179;Ка'дикссат;;;;;;;;;;;x
PROV1180;Жгучая тропа;;;;;;;;;;;x
PROV1181;Сун-Хун;;;;;;;;;;;x
PROV1182;Шек'зир;;;;;;;;;;;x
PROV1183;Хватка Паники;;;;;;;;;;;x
PROV1184;Хватка Страха;;;;;;;;;;;x
PROV1185;Кор'весс;;;;;;;;;;;x
PROV1186;Риккили;;;;;;;;;;;x
PROV1187;Хмелеварня "На закате";;;;;;;;;;;x
PROV1188;Зан'весс;;;;;;;;;;;x
PROV1189;Хаккир'лам;;;;;;;;;;;x
PROV1190;Ве'кам;;;;;;;;;;;x
PROV1191;Кипари Зар;;;;;;;;;;;x
PROV1192;Кипари Ик;;;;;;;;;;;x
PROV1193;Мацзу;;;;;;;;;;;x
PROV1194;Мокрость;;;;;;;;;;;x
PROV1195;Кза'векси;;;;;;;;;;;x
PROV1196;Звездные равнины;;;;;;;;;;;x
PROV1197;Клакси'весс;;;;;;;;;;;x
PROV1198;Кривое дерево;;;;;;;;;;;x
PROV1199;Кянь-Цуд;;;;;;;;;;;x
PROV1200;Гуртан;;;;;;;;;;;x
PROV1201;Кипари Вор;;;;;;;;;;;x
PROV1202;Нюцзао;;;;;;;;;;;x
PROV1203;Шра'тик;;;;;;;;;;;x
PROV1204;Чжал'мар;;;;;;;;;;;x
PROV1205;Витурак;;;;;;;;;;;x
PROV1206;Цзю'мянь;;;;;;;;;;;x
PROV1207;Шра'весс;;;;;;;;;;;x
PROV1208;Кззок;;;;;;;;;;;x
PROV1209;Икз'ка;;;;;;;;;;;x
PROV1210;Шань'цзэ Дао;;;;;;;;;;;x
PROV1211;Дао'шань;;;;;;;;;;;x
PROV1212;Го'лао;;;;;;;;;;;x
PROV1213;Сик'весс;;;;;;;;;;;x
PROV1214;Жэнь-сай;;;;;;;;;;;x
PROV1215;Крона кривого дерева;;;;;;;;;;;x
PROV1216;Хватка Ненависти;;;;;;;;;;;x
PROV1217;Гао-Жань;;;;;;;;;;;x
PROV1218;Логово Сыроземья;;;;;;;;;;;x
PROV1219;Ложбина Тусклого Света;;;;;;;;;;;x
PROV1220;Верхние Камышовые топи;;;;;;;;;;;x
PROV1221;Нижние Камышовые топи;;;;;;;;;;;x
PROV1222;Лун-Ин;;;;;;;;;;;x
PROV1223;Осул;;;;;;;;;;;x
PROV1224;Гай-Чо;;;;;;;;;;;x
PROV1225;Кри'весс;;;;;;;;;;;x
PROV1226;Говорящие с мертвыми;;;;;;;;;;;x
PROV1227;Янтарная топь;;;;;;;;;;;x
PROV1228;Цзом Чжу;;;;;;;;;;;x
PROV1229;Лэй Шень;;;;;;;;;;;x
PROV1230;Ван Чжу'нод;;;;;;;;;;;x
PROV1231;Драом Цсаеш;;;;;;;;;;;x
PROV1232;Сослиг Рэн;;;;;;;;;;;x
PROV1233;Мрачные топи;;;;;;;;;;;x
PROV1234;Мрачная пещере;;;;;;;;;;;x
PROV1235;Фок'ше Бод;;;;;;;;;;;x
PROV1236;Дикая лоза;;;;;;;;;;;x
PROV1237;Сумрачный лес;;;;;;;;;;;x
PROV1238;За'Туал;;;;;;;;;;;x
PROV1239;Ихгалук;;;;;;;;;;;x
PROV1240;Юй'лун;;;;;;;;;;;x
PROV1241;Змеиный очаг;;;;;;;;;;;x
PROV1242;Тенистая ветвь;;;;;;;;;;;x
PROV1243;Лисья роща;;;;;;;;;;;x
PROV1244;Ложбина Орхидей;;;;;;;;;;;x
PROV1245;Долина Шан;;;;;;;;;;;x
PROV1246;Цветущая Заря;;;;;;;;;;;x
PROV1247;Шелкодревный лес;;;;;;;;;;;x
PROV1248;Змеиный холм;;;;;;;;;;;x
PROV1249;Дендрарий;;;;;;;;;;;x
PROV1250;Зеленая скала;;;;;;;;;;;x
PROV1251;Зеленая скала;;;;;;;;;;;x
PROV1252;Йунь-Су;;;;;;;;;;;x
PROV1253;Знамение Императора;;;;;;;;;;;x
PROV1254;Шри-Ла;;;;;;;;;;;x
PROV1255;Жемчужный Плавник;;;;;;;;;;;x
PROV1256;Янтарная Муха;;;;;;;;;;;x
PROV1257;Лунная Вода;;;;;;;;;;;x
PROV1258;Ловкий Хвост;;;;;;;;;;;x
PROV1259;Бамбуковая роща;;;;;;;;;;;x
PROV1260;Сакурай;;;;;;;;;;;x
PROV1261;Лап'дон;;;;;;;;;;;x
PROV1262;Изумруд;;;;;;;;;;;x
PROV1263;Своенравность;;;;;;;;;;;x
PROV1264;Две Башни;;;;;;;;;;;x
PROV1265;Гормаль;;;;;;;;;;;x
PROV1266;Сладкий Ветерок;;;;;;;;;;;x
PROV1267;Вид на Нефритовую Змею;;;;;;;;;;;x
PROV1268;Громовой лес;;;;;;;;;;;x
PROV1269;Монастырь Тянь;;;;;;;;;;;x
PROV1270;Громовая Лапа;;;;;;;;;;;x
PROV1271;Мей Ли-Са;;;;;;;;;;;x
PROV1272;Буковый лес;;;;;;;;;;;x
PROV1273;Медовая Роса;;;;;;;;;;;x
PROV1274;Поющие Духи;;;;;;;;;;;x
PROV1275;Громовая крепость;;;;;;;;;;;x
PROV1276;Плодородная роща;;;;;;;;;;;x
PROV1277;Столкнувшиеся Ветра;;;;;;;;;;;x
PROV1278;Просветление;;;;;;;;;;;x
PROV1279;Тигриный лес;;;;;;;;;;;x
PROV1280;Знак Восклицания;;;;;;;;;;;x
PROV1281;Холм Грукин;;;;;;;;;;;x
PROV1282;Дуковые поля;;;;;;;;;;;x
PROV1283;Нефритовые джунгли;;;;;;;;;;;x
PROV1284;Утес дивного вида;;;;;;;;;;;x
PROV1285;Тайное гнездо;;;;;;;;;;;x
PROV1286;Сердце леса;;;;;;;;;;;x
PROV1287;Гонг Надежды;;;;;;;;;;;x
PROV1288;Ци Ху'аньди;;;;;;;;;;;x
PROV1289;Наветренный остров;;;;;;;;;;;x
PROV1290;Скользкая Чешуя;;;;;;;;;;;x
PROV1291;Облачный Змей;;;;;;;;;;;x
PROV1292;Ветреный шпиль;;;;;;;;;;;x
PROV1293;Десять Громов;;;;;;;;;;;x
PROV1294;Чаща Приливов;;;;;;;;;;;x
PROV1295;Гань Ши;;;;;;;;;;;x
PROV1296;Леса Потерянных;;;;;;;;;;;x
PROV1297;Полугорье;;;;;;;;;;;x
PROV1298;Зеленый Пояс;;;;;;;;;;;x
PROV1299;Плодородные земли;;;;;;;;;;;x
PROV1300;Гай Лань;;;;;;;;;;;x
PROV1301;Воровская равнина;;;;;;;;;;;x
PROV1302;Буйный Портер;;;;;;;;;;;x
PROV1303;Каменный Плуг;;;;;;;;;;;x
PROV1304;Тораджари;;;;;;;;;;;x
PROV1305;Серое ущелье;;;;;;;;;;;x
PROV1306;Лощина Паоцюань;;;;;;;;;;;x
PROV1307;Поющие болота;;;;;;;;;;;x
PROV1308;Небогорье;;;;;;;;;;;x
PROV1309;Куньцзэнь;;;;;;;;;;;x
PROV1310;Новая Цифера;;;;;;;;;;;x
PROV1311;Пруд Чистоты;;;;;;;;;;;x
PROV1312;Прыгохвост;;;;;;;;;;;x
PROV1313;Бесконечное Эхо;;;;;;;;;;;x
PROV1314;Громовая Пята;;;;;;;;;;;x
PROV1315;Овечьи поля;;;;;;;;;;;x
PROV1316;Шан;;;;;;;;;;;x
PROV1317;Травянистый склон;;;;;;;;;;;x
PROV1318;Солнечный луг;;;;;;;;;;;x
PROV1319;Шелковые поля;;;;;;;;;;;x
PROV1320;Гулкая терраса;;;;;;;;;;;x
PROV1321;Гнездо гну-синей;;;;;;;;;;;x
PROV1322;Край ветров;;;;;;;;;;;x
PROV1323;Темная лощина;;;;;;;;;;;x
PROV1324;Чи-Цзи;;;;;;;;;;;x
PROV1325;Дикие заросли;;;;;;;;;;;x
PROV1326;Река Назферити;;;;;;;;;;;x
PROV1327;Река Назферити;;;;;;;;;;;x
PROV1328;Река Назферити;;;;;;;;;;;x
PROV1329;Река Назферити;;;;;;;;;;;x
PROV1330;Река Назферити;;;;;;;;;;;x
PROV1331;Река Назферити;;;;;;;;;;;x
PROV1332;Река Назферити;;;;;;;;;;;x
PROV1333;Река Назферити;;;;;;;;;;;x
PROV1334;Река Назферити;;;;;;;;;;;x
PROV1335;Река Назферити;;;;;;;;;;;x
PROV1336;Озеро Назферити;;;;;;;;;;;x
PROV1337;Река Назферити;;;;;;;;;;;x
PROV1338;Северное море;;;;;;;;;;;x
PROV1339;Северное море;;;;;;;;;;;x
PROV1341;Северное море;;;;;;;;;;;x
PROV1342;Северное море;;;;;;;;;;;x
PROV1343;Северное море;;;;;;;;;;;x
PROV1345;Северное море;;;;;;;;;;;x
PROV1346;Северное море;;;;;;;;;;;x
PROV1347;Северное море;;;;;;;;;;;x
PROV1348;Северное море;;;;;;;;;;;x
PROV1349;Северное море;;;;;;;;;;;x
PROV1350;Северное море;;;;;;;;;;;x
PROV1351;Южные моря;;;;;;;;;;;x
PROV1352;Южные моря;;;;;;;;;;;x
PROV1353;Южные моря;;;;;;;;;;;x
PROV1354;Южные моря;;;;;;;;;;;x
PROV1355;Южные моря;;;;;;;;;;;x
PROV1356;Южные моря;;;;;;;;;;;x
PROV1357;Южные моря;;;;;;;;;;;x
PROV1358;Южные моря;;;;;;;;;;;x
PROV1359;Южные моря;;;;;;;;;;;x
PROV1360;Южные моря;;;;;;;;;;;x
PROV1361;Южные моря;;;;;;;;;;;x
PROV1362;Южные моря;;;;;;;;;;;x
PROV1363;Южные моря;;;;;;;;;;;x
PROV1364;Южные моря;;;;;;;;;;;x
PROV1365;Южные моря;;;;;;;;;;;x
PROV1366;Южные моря;;;;;;;;;;;x
PROV1367;Южные моря;;;;;;;;;;;x
PROV1368;Южные моря;;;;;;;;;;;x
PROV1369;Южные моря;;;;;;;;;;;x
PROV1370;Южные моря;;;;;;;;;;;x
PROV1371;Южные моря;;;;;;;;;;;x
PROV1372;Южные моря;;;;;;;;;;;x
PROV1373;Южные моря;;;;;;;;;;;x
PROV1374;Южные моря;;;;;;;;;;;x
PROV1375;Южные моря;;;;;;;;;;;x
PROV1376;Южные моря;;;;;;;;;;;x
PROV1377;Южные моря;;;;;;;;;;;x
PROV1378;Южные моря;;;;;;;;;;;x
PROV1379;Южные моря;;;;;;;;;;;x
PROV1380;Южные моря;;;;;;;;;;;x
PROV1381;Южные моря;;;;;;;;;;;x
PROV1382;Южные моря;;;;;;;;;;;x
PROV1383;Южные моря;;;;;;;;;;;x
PROV1384;Южные моря;;;;;;;;;;;x
PROV1385;Море Туманной Дымки;;;;;;;;;;;x
PROV1386;Море Туманной Дымки;;;;;;;;;;;x
PROV1387;Море Туманной Дымки;;;;;;;;;;;x
PROV1388;Море Туманной Дымки;;;;;;;;;;;x
PROV1389;Море Туманной Дымки;;;;;;;;;;;x
PROV1390;Море Туманной Дымки;;;;;;;;;;;x
PROV1391;Море Туманной Дымки;;;;;;;;;;;x
PROV1392;Море Туманной Дымки;;;;;;;;;;;x
PROV1393;Море Туманной Дымки;;;;;;;;;;;x
PROV1394;Река Безмятежная;;;;;;;;;;;x
PROV1395;Река Безмятежная;;;;;;;;;;;x
PROV1396;Река Безмятежная;;;;;;;;;;;x
PROV1397;Река Безмятежная;;;;;;;;;;;x
PROV1398;Река Безмятежная;;;;;;;;;;;x
PROV1399;Река Безмятежная;;;;;;;;;;;x
PROV1400;Жемчужное озеро;;;;;;;;;;;x
PROV1401;Озеро Поющих Духов;;;;;;;;;;;x
PROV1402;Озеро Киттитата;;;;;;;;;;;x
PROV1403;Озеро;;;;;;;;;;;x
PROV1404;Озеро;;;;;;;;;;;x
PROV1405;Озеро;;;;;;;;;;;x
PROV1406;Озеро;;;;;;;;;;;x
PROV1407;Озеро;;;;;;;;;;;x
PROV1408;Неизведанное море;;;;;;;;;;;x
PROV1409;Неизведанное море;;;;;;;;;;;x
PROV1410;Неизведанное море;;;;;;;;;;;x
PROV1411;Неизведанное море;;;;;;;;;;;x
PROV1412;Неизведанное море;;;;;;;;;;;x
PROV1413;Неизведанное море;;;;;;;;;;;x
PROV1414;Поющая Котловина;;;;;;;;;;;x
PROV1415;Поющая Котловина;;;;;;;;;;;x
PROV1416;Сарджунские Глубины;;;;;;;;;;;x
PROV1417;Лагуна Найели;;;;;;;;;;;x
PROV1418;Лагуна Найели;;;;;;;;;;;x
PROV1419;Лагуна Найели;;;;;;;;;;;x
PROV1420;Лагуна Найели;;;;;;;;;;;x
PROV1421;Лагуна Найели;;;;;;;;;;;x
PROV1422;Лагуна Найели;;;;;;;;;;;x
PROV1423;Лагуна Найели;;;;;;;;;;;x
PROV1424;Река Доцзян;;;;;;;;;;;x
PROV1425;Река Красаранг;;;;;;;;;;;x
PROV1426;Река Красаранг;;;;;;;;;;;x
PROV1427;Река Красаранг;;;;;;;;;;;x
PROV1428;Река Янь-Цзэ;;;;;;;;;;;x
PROV1429;Река Янь-Цзэ;;;;;;;;;;;x
PROV1430;Река Янь-Цзэ;;;;;;;;;;;x
PROV1431;Река Янь-Цзэ;;;;;;;;;;;x
PROV1432;Река Янь-Цзэ;;;;;;;;;;;x
PROV1433;Река Янь-Цзэ;;;;;;;;;;;x
PROV1434;Золотистая река;;;;;;;;;;;x
PROV1435;Золоченый веер;;;;;;;;;;;x
PROV1436;Камышовое озеро;;;;;;;;;;;x
PROV1437;Источник;;;;;;;;;;;x
PROV1438;Чернильная Жабра;;;;;;;;;;;x
PROV1439;Озеро;;;;;;;;;;;x
PROV1440;Озеро;;;;;;;;;;;x
PROV1441;Озеро;;;;;;;;;;;x
PROV1442;Озеро;;;;;;;;;;;x
PROV1443;Озеро Белых Лепестков;;;;;;;;;;;x
PROV1444;Источники силы;;;;;;;;;;;x
PROV1445;Лэй Ши;;;;;;;;;;;x
PROV1446;Озеро;;;;;;;;;;;x
PROV1447;Озеро;;;;;;;;;;;x
PROV1448;Озеро;;;;;;;;;;;x
PROV1449;Озеро;;;;;;;;;;;x
PROV1450;Озеро;;;;;;;;;;;x
PROV1451;Озеро;;;;;;;;;;;x
PROV1452;Озеро Звезд;;;;;;;;;;;x
PROV1453;Топь;;;;;;;;;;;x
PROV1454;Отмели Гокк'лок;;;;;;;;;;;x
PROV1455;Отмели Гокк'лок;;;;;;;;;;;x
PROV1456;Шельф Мацзу;;;;;;;;;;;x
PROV1457;Шельф Мацзу;;;;;;;;;;;x
PROV1458;Шельф Мацзу;;;;;;;;;;;x
PROV1459;Шельф Мацзу;;;;;;;;;;;x
PROV1460;Мелководье Соленой Чешуи;;;;;;;;;;;x
PROV1461;Мелководье Соленой Чешуи;;;;;;;;;;;x
PROV1462;Мелководье Соленой Чешуи;;;;;;;;;;;x
PROV1463;Отмели Гокк'лок;;;;;;;;;;;x
PROV1464;Западное море;;;;;;;;;;;x
PROV1465;Западное море;;;;;;;;;;;x
PROV1466;Западное море;;;;;;;;;;;x
PROV1467;Западное море;;;;;;;;;;;x
PROV1468;Западное море;;;;;;;;;;;x
PROV1469;Западное море;;;;;;;;;;;x
PROV1470;Западное море;;;;;;;;;;;x
PROV1471;Западное море;;;;;;;;;;;x
PROV1472;Западное море;;;;;;;;;;;x
PROV1473;Западное море;;;;;;;;;;;x
PROV1474;Западное море;;;;;;;;;;;x
PROV1475;Западное море;;;;;;;;;;;x
PROV1476;Западное море;;;;;;;;;;;x
PROV1477;Западное море;;;;;;;;;;;x
PROV1478;Западное море;;;;;;;;;;;x
PROV1479;Западное море;;;;;;;;;;;x
PROV1480;Западное море;;;;;;;;;;;x
PROV1481;Западное море;;;;;;;;;;;x
PROV1482;Западное море;;;;;;;;;;;x
PROV1483;Северное море;;;;;;;;;;;x
PROV1484;Северное море;;;;;;;;;;;x
PROV1485;Северное море;;;;;;;;;;;x
PROV1486;Северное море;;;;;;;;;;;x
PROV1487;Северное море;;;;;;;;;;;x
PROV1488;Ледяное море;;;;;;;;;;;x
PROV1489;Ледяное море;;;;;;;;;;;x
PROV1490;Ледяное море;;;;;;;;;;;x
PROV1491;Ледяное море;;;;;;;;;;;x
PROV1492;Ледяное море;;;;;;;;;;;x
PROV1493;Ледяное море;;;;;;;;;;;x
PROV1494;Ледяное море;;;;;;;;;;;x
PROV1495;Ледяное море;;;;;;;;;;;x
PROV1496;Ледяное море;;;;;;;;;;;x
PROV1497;Ледяное море;;;;;;;;;;;x
PROV1498;Ледяное море;;;;;;;;;;;x
PROV1499;Ледяное море;;;;;;;;;;;x
PROV1500;Ледяное море;;;;;;;;;;;x
PROV1501;Ледяное море;;;;;;;;;;;x
PROV1502;Ледяное море;;;;;;;;;;;x
PROV1503;Ледяное море;;;;;;;;;;;x
PROV1504;Ледяное море;;;;;;;;;;;x
PROV1505;Ледяное море;;;;;;;;;;;x
PROV1506;Ледяное море;;;;;;;;;;;x
PROV1507;Ледяное море;;;;;;;;;;;x
PROV1508;Ледяное море;;;;;;;;;;;x
PROV1509;Ледяное море;;;;;;;;;;;x
PROV1510;Ледяное море;;;;;;;;;;;x
PROV1511;Ледяное море;;;;;;;;;;;x
PROV1512;Ледяное море;;;;;;;;;;;x
PROV1513;Гавань Моа'ки;;;;;;;;;;;x
PROV1514;Атолл Кили'уа;;;;;;;;;;;x
PROV1515;Залив Холодного Ветра;;;;;;;;;;;x
PROV1516;Ледяное море;;;;;;;;;;;x
PROV1517;Ледяное море;;;;;;;;;;;x
PROV1518;Ледяное море;;;;;;;;;;;x
PROV1519;Ледяное море;;;;;;;;;;;x
PROV1520;Хладаррский пролив;;;;;;;;;;;x
PROV1521;Мерцающая буха;;;;;;;;;;;x
PROV1522;Ледяное море;;;;;;;;;;;x
PROV1523;Ледяное море;;;;;;;;;;;x
PROV1524;Морское побережье;;;;;;;;;;;x
PROV1526;Морское побережье;;;;;;;;;;;x
PROV1527;Побережье Завоеваний;;;;;;;;;;;x
PROV1529;Побережье Завоеваний;;;;;;;;;;;x
PROV1530;Побережье Завоеваний;;;;;;;;;;;x
PROV1531;Побережье Завоеваний;;;;;;;;;;;x
PROV1533;Залив Натиска;;;;;;;;;;;x
PROV1534;Северное море;;;;;;;;;;;x
PROV1535;Северное море;;;;;;;;;;;x
PROV1536;Северное море;;;;;;;;;;;x
PROV1537;Перевал Хротгара;;;;;;;;;;;x
PROV1540;Перевал Хротгара;;;;;;;;;;;x
PROV1542;Северное море;;;;;;;;;;;x
PROV1544;Северное море;;;;;;;;;;;x
PROV1545;Северное море;;;;;;;;;;;x
PROV1546;Северное море;;;;;;;;;;;x
PROV1547;Северное море;;;;;;;;;;;x
PROV1548;Северное море;;;;;;;;;;;x
PROV1549;Северное море;;;;;;;;;;;x
PROV1550;Северное море;;;;;;;;;;;x
PROV1551;Северное море;;;;;;;;;;;x
PROV1552;Северное море;;;;;;;;;;;x
PROV1553;Северное море;;;;;;;;;;;x
PROV1554;Северное море;;;;;;;;;;;x
PROV1555;Северное море;;;;;;;;;;;x
PROV1556;Северное море;;;;;;;;;;;x
PROV1559;Рамкахен;;;;;;;;;;;x
PROV1560;Неферсет;;;;;;;;;;;x
PROV1561;Тол'нарив;;;;;;;;;;;x
PROV1562;Дулизед;;;;;;;;;;;x
PROV1563;Солнечный камень;;;;;;;;;;;x
PROV1564;Хартут;;;;;;;;;;;x
PROV1565;Нахом;;;;;;;;;;;x
PROV1566;Таммано;;;;;;;;;;;x
PROV1567;Ахенет;;;;;;;;;;;x
PROV1568;Мар'ат;;;;;;;;;;;x
PROV1570;Тарет;;;;;;;;;;;x
PROV1571;Федати;;;;;;;;;;;x
PROV1572;Сахкет;;;;;;;;;;;x
PROV1573;Хелхувип;;;;;;;;;;;x
PROV1574;Орсис;;;;;;;;;;;x
PROV1575;Аммон;;;;;;;;;;;x
PROV1576;Та-Кемет;;;;;;;;;;;x
PROV1577;Ан'бархан;;;;;;;;;;;x
PROV1578;Хинтасет;;;;;;;;;;;x
PROV1579;Вир'сар;;;;;;;;;;;x
PROV1580;Мунсуф;;;;;;;;;;;x
PROV1581;Аамск;;;;;;;;;;;x
PROV1582;Южный Ветер;;;;;;;;;;;x
PROV1583;Кубитис;;;;;;;;;;;x
PROV1584;Солнцегляд;;;;;;;;;;;x
PROV1585;Сунсуф;;;;;;;;;;;x
PROV1586;Ашова;;;;;;;;;;;x
PROV1587;Хаматеп;;;;;;;;;;;x
PROV1588;Урф;;;;;;;;;;;x
PROV1591;Зул'фаррак;;;;;;;;;;;x
PROV1592;Прибамбасск;;;;;;;;;;;x
PROV1593;Водный источник;;;;;;;;;;;x
PROV1594;Песчаное укрытие;;;;;;;;;;;x
PROV1595;Странник волн;;;;;;;;;;;x
PROV1596;Полуденная тень;;;;;;;;;;;x
PROV1597;Скорбные пески;;;;;;;;;;;x
PROV1598;Ваг'тан;;;;;;;;;;;x
PROV1599;Ядовитый улей;;;;;;;;;;;x
PROV1600;Песчаный Молот;;;;;;;;;;;x
PROV1601;Пещеры Времени;;;;;;;;;;;x
PROV1602;Волунд;;;;;;;;;;;x
PROV1603;Рниасас;;;;;;;;;;;x
PROV1604;Джаг'тар;;;;;;;;;;;x
PROV1605;Нвиамас;;;;;;;;;;;x
PROV1606;Южная гряда;;;;;;;;;;;x
PROV1607;Аллаис;;;;;;;;;;;x
PROV1608;Терновник;;;;;;;;;;;x
PROV1609;Ульдум;;;;;;;;;;;x
PROV1610;Южная луна;;;;;;;;;;;x
PROV1611;Восточная луна;;;;;;;;;;;x
PROV1612;Южная точка;;;;;;;;;;;x
PROV1613;Ан'кираж;;;;;;;;;;;x
PROV1614;Муркевин;;;;;;;;;;;x
PROV1615;Олений Шлем;;;;;;;;;;;x
PROV1616;Доблесть;;;;;;;;;;;x
PROV1617;Улей Аши;;;;;;;;;;;x
PROV1618;Долина Кристаллов;;;;;;;;;;;x
PROV1619;Ишрак;;;;;;;;;;;x
PROV1620;Улей Зора;;;;;;;;;;;x
PROV1621;Водный Шрам;;;;;;;;;;;x
PROV1622;Стена Скарабея;;;;;;;;;;;x
PROV1623;Хаасра;;;;;;;;;;;x
PROV1624;Ашакс;;;;;;;;;;;x
PROV1625;Улей Регал;;;;;;;;;;;x
PROV1626;Зернанносс;;;;;;;;;;;x
PROV1627;Южноветер;;;;;;;;;;;x
PROV1628;Скереззиз;;;;;;;;;;;x
PROV1629;Туг'ранн;;;;;;;;;;;x
PROV1630;Каг'рам;;;;;;;;;;;x
PROV1631;Эльдре'Талас;;;;;;;;;;;x
PROV1632;Авалун;;;;;;;;;;;x
PROV1633;Криводрев;;;;;;;;;;;x
PROV1634;Думонт;;;;;;;;;;;x
PROV1635;Эстулан;;;;;;;;;;;x
PROV1636;Иселеан;;;;;;;;;;;x
PROV1637;Блеклое Перо;;;;;;;;;;;x
PROV1638;Исильдиэн;;;;;;;;;;;x
PROV1639;Элуна;;;;;;;;;;;x
PROV1640;Сардор;;;;;;;;;;;x
PROV1641;Виелли;;;;;;;;;;;x
PROV1642;Яростный Ветер;;;;;;;;;;;x
PROV1643;Атайа;;;;;;;;;;;x
PROV1644;Онейрос;;;;;;;;;;;x
PROV1645;Фехис;;;;;;;;;;;x
PROV1646;Эсосса;;;;;;;;;;;x
PROV1647;Эль'дратир;;;;;;;;;;;x
PROV1648;Мохаче;;;;;;;;;;;x
PROV1649;Фе'ллу;;;;;;;;;;;x
PROV1650;Ларисс;;;;;;;;;;;x
PROV1651;Сифонилл;;;;;;;;;;;x
PROV1652;Логово Древолапов;;;;;;;;;;;x
PROV1653;Тенистая Ветвь;;;;;;;;;;;x
PROV1654;Мглистая пещера;;;;;;;;;;;x
PROV1655;Эмилонд;;;;;;;;;;;x
PROV1656;Асаннес;;;;;;;;;;;x
PROV1657;Арнлума;;;;;;;;;;;x
PROV1658;Небесный Пик;;;;;;;;;;;x
PROV1659;Э'ток;;;;;;;;;;;x
PROV1660;Белый Плес;;;;;;;;;;;x
PROV1661;Уакан;;;;;;;;;;;x
PROV1662;Скальное гнездовье;;;;;;;;;;;x
PROV1663;Темное Облако;;;;;;;;;;;x
PROV1664;Сегенам;;;;;;;;;;;x
PROV1665;Треснувшее Копыто;;;;;;;;;;;x
PROV1666;Вольный Ветер;;;;;;;;;;;x
PROV1667;Ветрорез;;;;;;;;;;;x
PROV1668;Железный Камень;;;;;;;;;;;x
PROV1669;Мираж;;;;;;;;;;;x
PROV1670;Визель;;;;;;;;;;;x
PROV1671;Ржавая Кувалда;;;;;;;;;;;x
PROV1672;Тахонда;;;;;;;;;;;x
PROV1673;Соленый Песок;;;;;;;;;;;x
PROV1674;Шобасса;;;;;;;;;;;x
PROV1675;Краграк;;;;;;;;;;;x
PROV1676;Свечкогор;;;;;;;;;;;x
PROV1677;Солнечное Гнездовье;;;;;;;;;;;x
PROV1678;Бастион;;;;;;;;;;;x
PROV1679;Джамба'ррак;;;;;;;;;;;x
PROV1680;Мародон;;;;;;;;;;;x
PROV1681;Дезгих;;;;;;;;;;;x
PROV1682;Гелкис;;;;;;;;;;;x
PROV1683;Сар'терис;;;;;;;;;;;x
PROV1684;Ночные Охотники;;;;;;;;;;;x
PROV1685;Маннорок;;;;;;;;;;;x
PROV1686;Дхурра;;;;;;;;;;;x
PROV1687;Кормек;;;;;;;;;;;x
PROV1688;Келнин;;;;;;;;;;;x
PROV1689;Маграм;;;;;;;;;;;x
PROV1690;Тенелом;;;;;;;;;;;x
PROV1691;Ширрес;;;;;;;;;;;x
PROV1692;Колкар;;;;;;;;;;;x
PROV1693;Саргерон;;;;;;;;;;;x
PROV1694;Высота Найджела;;;;;;;;;;;x
PROV1695;Тефрис-Аран;;;;;;;;;;;x
PROV1696;Громовой Топор;;;;;;;;;;;x
PROV1697;Рунас;;;;;;;;;;;x
PROV1698;Этель-Ретор;;;;;;;;;;;x
PROV1699;Раназжар;;;;;;;;;;;x
PROV1700;Оргриммар;;;;;;;;;;;x
PROV1701;Призрачная долина;;;;;;;;;;;x
PROV1702;Каменный Клык;;;;;;;;;;;x
PROV1703;Острорук;;;;;;;;;;;x
PROV1704;Колючий Холм;;;;;;;;;;;x
PROV1705;Сухая лощина;;;;;;;;;;;x
PROV1706;Громовая воля;;;;;;;;;;;x
PROV1707;Багряная Кровь;;;;;;;;;;;x
PROV1708;Иглогрива;;;;;;;;;;;x
PROV1709;Саркот;;;;;;;;;;;x
PROV1710;Иссечень;;;;;;;;;;;x
PROV1711;Сен'джин;;;;;;;;;;;x
PROV1712;Южный Дозор;;;;;;;;;;;x
PROV1713;Геруж;;;;;;;;;;;x
PROV1714;Острова Эха;;;;;;;;;;;x
PROV1715;Злобная Чешуя;;;;;;;;;;;x
PROV1716;Кровопал;;;;;;;;;;;x
PROV1717;Перекресток;;;;;;;;;;;x
PROV1718;Золотой Путь;;;;;;;;;;;x
PROV1719;Кабестан;;;;;;;;;;;x
PROV1720;Колючий холм;;;;;;;;;;;x
PROV1721;Шехрас;;;;;;;;;;;x
PROV1722;Буйные воды;;;;;;;;;;;x
PROV1723;Пещеры Стенаний;;;;;;;;;;;x
PROV1724;Багровый Туман;;;;;;;;;;;x
PROV1725;Сухие холмы;;;;;;;;;;;x
PROV1726;Дазгок;;;;;;;;;;;x
PROV1727;Тупик;;;;;;;;;;;x
PROV1728;Мор'шан;;;;;;;;;;;x
PROV1729;Грол'дом;;;;;;;;;;;x
PROV1730;Чанлелле;;;;;;;;;;;x
PROV1731;Тульгам;;;;;;;;;;;x
PROV1732;Река Строптивая;;;;;;;;;;;x
PROV1733;Каменный холм;;;;;;;;;;;x
PROV1734;Таурахо;;;;;;;;;;;x
PROV1735;Агама'гор;;;;;;;;;;;x
PROV1736;Ежевичный овраг;;;;;;;;;;;x
PROV1737;Вудотта;;;;;;;;;;;x
PROV1738;Боевой Шрам;;;;;;;;;;;x
PROV1739;Низины;;;;;;;;;;;x
PROV1740;Низобраз;;;;;;;;;;;x
PROV1741;Иглошкура;;;;;;;;;;;x
PROV1742;Терновник;;;;;;;;;;;x
PROV1743;Бейл'дан;;;;;;;;;;;x
PROV1744;Острие Копья;;;;;;;;;;;x
PROV1745;Агамагар;;;;;;;;;;;x
PROV1746;Ежевичный Клинок;;;;;;;;;;;x
PROV1747;Ниттавосев;;;;;;;;;;;x
PROV1748;Северная стража;;;;;;;;;;;x
PROV1749;Хунгож;;;;;;;;;;;x
PROV1750;Гуща;;;;;;;;;;;x
PROV1751;Громовой Утес;;;;;;;;;;;x
PROV1752;Секвойя;;;;;;;;;;;x
PROV1753;Сойала;;;;;;;;;;;x
PROV1754;Шуман;;;;;;;;;;;x
PROV1755;Нараче;;;;;;;;;;;x
PROV1756;Острый Глаз;;;;;;;;;;;x
PROV1757;Боевой Вепрь;;;;;;;;;;;x
PROV1758;Бледная Грива;;;;;;;;;;;x
PROV1759;Громовой Рог;;;;;;;;;;;x
PROV1760;Далш-Беран;;;;;;;;;;;x
PROV1761;Кровавое Копыто;;;;;;;;;;;x
PROV1762;Водное Копыто;;;;;;;;;;;x
PROV1763;Шаиби;;;;;;;;;;;x
PROV1764;Кочета;;;;;;;;;;;x
PROV1765;Оренда;;;;;;;;;;;x
PROV1766;Неистовство Ветра;;;;;;;;;;;x
PROV1767;Солнечное Пастбище;;;;;;;;;;;x
PROV1768;Травяной холм;;;;;;;;;;;x
PROV1769;Горячие Источники;;;;;;;;;;;x
PROV1770;Красные Скалы;;;;;;;;;;;x
PROV1771;Высокий лес;;;;;;;;;;;x
PROV1772;Малака'джин;;;;;;;;;;;x
PROV1773;Апарахе;;;;;;;;;;;x
PROV1774;Руггок;;;;;;;;;;;x
PROV1775;Камнепад;;;;;;;;;;;x
PROV1776;Дальний Взор;;;;;;;;;;;x
PROV1777;Паутинник;;;;;;;;;;;x
PROV1778;Сишир;;;;;;;;;;;x
PROV1779;Солнечный Камень;;;;;;;;;;;x
PROV1780;Нокомис;;;;;;;;;;;x
PROV1781;Эльдре'тар;;;;;;;;;;;x
PROV1782;Болотная Пахота;;;;;;;;;;;x
PROV1783;Ветрорез;;;;;;;;;;;x
PROV1784;Коготь;;;;;;;;;;;x
PROV1785;Крепость Ветрорезов;;;;;;;;;;;x
PROV1786;Скалистое озеро;;;;;;;;;;;x
PROV1787;Когтистые горы;;;;;;;;;;;x
PROV1788;Логово Когтя;;;;;;;;;;;x
PROV1789;Аркулла;;;;;;;;;;;x
PROV1790;Мутное озеро;;;;;;;;;;;x
PROV1791;Скалоступ;;;;;;;;;;;x
PROV1792;Тал'дара;;;;;;;;;;;x
PROV1793;Роща Тал;;;;;;;;;;;x
PROV1794;Наблюдательный пункт;;;;;;;;;;;x
PROV1795;Понисук;;;;;;;;;;;x
PROV1796;Лестурром;;;;;;;;;;;x
PROV1797;Терамор;;;;;;;;;;;x
PROV1798;Алькац;;;;;;;;;;;x
PROV1799;Зловещий берег;;;;;;;;;;;x
PROV1800;Сторожевой пост;;;;;;;;;;;x
PROV1801;Болотный Огонек;;;;;;;;;;;x
PROV1802;Ведьмин Холм;;;;;;;;;;;x
PROV1803;Черное Копыто;;;;;;;;;;;x
PROV1804;Синяя топь;;;;;;;;;;;x
PROV1805;Мглистая пещера;;;;;;;;;;;x
PROV1806;Гиблотопь;;;;;;;;;;;x
PROV1807;Призрачное Копыто;;;;;;;;;;;x
PROV1808;Трясина;;;;;;;;;;;x
PROV1809;Дикий Рог;;;;;;;;;;;x
PROV1810;Последний привал;;;;;;;;;;;x
PROV1811;Затерянный пункт;;;;;;;;;;;x
PROV1812;Бизил;;;;;;;;;;;x
PROV1814;Ферсодра;;;;;;;;;;;x
PROV1815;Драконьи топи;;;;;;;;;;;x
PROV1816;Шестермуть;;;;;;;;;;;x
PROV1817;Зертиксия;;;;;;;;;;;x
PROV1818;Земля Драконов;;;;;;;;;;;x
PROV1819;Астранаар;;;;;;;;;;;x
PROV1820;Мейстра;;;;;;;;;;;x
PROV1821;Колючий Мех;;;;;;;;;;;x
PROV1822;Ирисовая долина;;;;;;;;;;;x
PROV1823;Звездная Пыль;;;;;;;;;;;x
PROV1824;Ночной Коготь;;;;;;;;;;;x
PROV1825;Огненный Шрам;;;;;;;;;;;x
PROV1826;Эссина;;;;;;;;;;;x
PROV1827;Серебряный Ветер;;;;;;;;;;;x
PROV1828;Зеленая Лапа;;;;;;;;;;;x
PROV1829;Илнау;;;;;;;;;;;x
PROV1830;Кровавый Клык;;;;;;;;;;;x
PROV1831;Ночные леса;;;;;;;;;;;x
PROV1832;Долина Луны;;;;;;;;;;;x
PROV1833;Воющая долина;;;;;;;;;;;x
PROV1834;Большой путь;;;;;;;;;;;x
PROV1835;Кровавая Топь;;;;;;;;;;;x
PROV1836;Тенистый закоулок;;;;;;;;;;;x
PROV1837;Ксавиан;;;;;;;;;;;x
PROV1838;Ночной путь;;;;;;;;;;;x
PROV1839;Сатирнаар;;;;;;;;;;;x
PROV1840;Серебряное Крыло;;;;;;;;;;;x
PROV1841;Фалфаррен;;;;;;;;;;;x
PROV1842;Дор'Данил;;;;;;;;;;;x
PROV1843;Расщепленное Дерево;;;;;;;;;;;x
PROV1844;Зеленый холм;;;;;;;;;;;x
PROV1845;Песня Ночи;;;;;;;;;;;x
PROV1846;Ночной каньон;;;;;;;;;;;x
PROV1847;Пеплогард;;;;;;;;;;;x
PROV1848;Лесная Песня;;;;;;;;;;;x
PROV1849;Тенистая Крона;;;;;;;;;;;x
PROV1850;Ордил'Аран;;;;;;;;;;;x
PROV1851;Фалатим;;;;;;;;;;;x
PROV1852;Батран;;;;;;;;;;;x
PROV1853;Зорам;;;;;;;;;;;x
PROV1854;Непроглядная Пучина;;;;;;;;;;;x
PROV1855;Песнь Теней;;;;;;;;;;;x
PROV1856;Халдарр;;;;;;;;;;;x
PROV1857;Забытый;;;;;;;;;;;x
PROV1858;Ксонул'зис;;;;;;;;;;;x
PROV1859;Ател'анор;;;;;;;;;;;x
PROV1860;Крик Леса;;;;;;;;;;;x
PROV1861;Зин-Малор;;;;;;;;;;;x
PROV1862;Эльдарат;;;;;;;;;;;x
PROV1863;Южный пляж;;;;;;;;;;;x
PROV1864;Бьоррмр;;;;;;;;;;;x
PROV1865;Острова Бури;;;;;;;;;;;x
PROV1866;Хетайра;;;;;;;;;;;x
PROV1867;Черночрев;;;;;;;;;;;x
PROV1868;Гороки;;;;;;;;;;;x
PROV1869;Храбростан;;;;;;;;;;;x
PROV1870;Урсолан;;;;;;;;;;;x
PROV1871;Нендис;;;;;;;;;;;x
PROV1872;Легаши;;;;;;;;;;;x
PROV1873;Нордресса;;;;;;;;;;;x
PROV1874;Черная гряда;;;;;;;;;;;x
PROV1875;Арккоран;;;;;;;;;;;x
PROV1876;Эльдара;;;;;;;;;;;x
PROV1877;Зубчатый риф;;;;;;;;;;;x
PROV1878;Гребень Ворона;;;;;;;;;;;x
PROV1879;Джозаес;;;;;;;;;;;x
PROV1880;Ксем'рир;;;;;;;;;;;x
PROV1881;Грим Улан;;;;;;;;;;;x
PROV1882;Трюмные Воды;;;;;;;;;;;x
PROV1883;Аубердин;;;;;;;;;;;x
PROV1884;Длинный пролив;;;;;;;;;;;x
PROV1885;Темные берега;;;;;;;;;;;x
PROV1886;Башал'Аран;;;;;;;;;;;x
PROV1887;Лор'данел;;;;;;;;;;;x
PROV1888;Туманный Край;;;;;;;;;;;x
PROV1889;Матистра;;;;;;;;;;;x
PROV1890;Река Скалистая;;;;;;;;;;;x
PROV1891;Бездонный залив;;;;;;;;;;;x
PROV1892;Пронзающее Копье;;;;;;;;;;;x
PROV1893;Мугджамба;;;;;;;;;;;x
PROV1894;Амет'Аран;;;;;;;;;;;x
PROV1895;Фуллила;;;;;;;;;;;x
PROV1896;Тетиру;;;;;;;;;;;x
PROV1897;Черный лес;;;;;;;;;;;x
PROV1898;Неведре;;;;;;;;;;;x
PROV1899;Тассик;;;;;;;;;;;x
PROV1900;Морлос'Аран;;;;;;;;;;;x
PROV1901;Мертвый Лес;;;;;;;;;;;x
PROV1902;Энле;;;;;;;;;;;x
PROV1903;Эмер'Аран;;;;;;;;;;;x
PROV1904;Констеллас;;;;;;;;;;;x
PROV1905;Джеденар;;;;;;;;;;;x
PROV1906;Кровавый Пост;;;;;;;;;;;x
PROV1907;Кеваен;;;;;;;;;;;x
PROV1908;Железнолесье;;;;;;;;;;;x
PROV1909;Нефритовое Пламя;;;;;;;;;;;x
PROV1910;Шелест Ветра;;;;;;;;;;;x
PROV1911;Зеленая долина;;;;;;;;;;;x
PROV1912;Древобрюхо;;;;;;;;;;;x
PROV1913;Когтистые Ветви;;;;;;;;;;;x
PROV1914;Лунная Лапа;;;;;;;;;;;x
PROV1915;Пасть Урсы;;;;;;;;;;;x
PROV1916;Ночная Гавань;;;;;;;;;;;x
PROV1917;Ремул;;;;;;;;;;;x
PROV1918;Дулваринн;;;;;;;;;;;x
PROV1919;Ярость Бури;;;;;;;;;;;x
PROV1920;Кенарий;;;;;;;;;;;x
PROV1921;Нордрассил;;;;;;;;;;;x
PROV1922;Джанистае;;;;;;;;;;;x
PROV1923;Норд'лазар;;;;;;;;;;;x
PROV1924;Лар'донир;;;;;;;;;;;x
PROV1925;Сехиает;;;;;;;;;;;x
PROV1926;Ситенн;;;;;;;;;;;x
PROV1927;Сильдинас;;;;;;;;;;;x
PROV1928;Тендивис;;;;;;;;;;;x
PROV1929;Джиллаеи;;;;;;;;;;;x
PROV1930;Авиана;;;;;;;;;;;x
PROV1931;Эссина;;;;;;;;;;;x
PROV1932;Вумаеи;;;;;;;;;;;x
PROV1933;Цитил;;;;;;;;;;;x
PROV1934;Малорн;;;;;;;;;;;x
PROV1935;Восстановление;;;;;;;;;;;x
PROV1936;Нордун;;;;;;;;;;;x
PROV1937;Калдоран;;;;;;;;;;;x
PROV1938;Кетедин;;;;;;;;;;;x
PROV1939;Пепельная равнина;;;;;;;;;;;x
PROV1940;Джамба;;;;;;;;;;;x
PROV1941;Тимил;;;;;;;;;;;x
PROV1942;Элунар;;;;;;;;;;;x
PROV1943;Каменная долина;;;;;;;;;;;x
PROV1944;Унгава;;;;;;;;;;;x
PROV1945;Халлиим;;;;;;;;;;;x
PROV1946;Созанн;;;;;;;;;;;x
PROV1947;Лесопуф;;;;;;;;;;;x
PROV1948;Горячие источники;;;;;;;;;;;x
PROV1949;Древесное Логово;;;;;;;;;;;x
PROV1950;Кел'терил;;;;;;;;;;;x
PROV1951;Снеж'дарил;;;;;;;;;;;x
PROV1952;Звездопад;;;;;;;;;;;x
PROV1953;Нае'данар;;;;;;;;;;;x
PROV1954;Снежноклык;;;;;;;;;;;x
PROV1955;Хутенра;;;;;;;;;;;x
PROV1956;Зимняя Спячка;;;;;;;;;;;x
PROV1957;Кадреллаен;;;;;;;;;;;x
PROV1958;Ледопард;;;;;;;;;;;x
PROV1959;Ледяная крепость;;;;;;;;;;;x
PROV1960;Дунбур;;;;;;;;;;;x
PROV1961;Мазторил;;;;;;;;;;;x
PROV1962;Круговзор;;;;;;;;;;;x
PROV1963;Иситанн;;;;;;;;;;;x
PROV1964;Дун Мадарр;;;;;;;;;;;x
PROV1965;Совиное Крыло;;;;;;;;;;;x
PROV1966;Ледяной Шепот;;;;;;;;;;;x
PROV1967;Бвон'алор;;;;;;;;;;;x
PROV1968;Шадра'дар;;;;;;;;;;;x
PROV1969;Уганга;;;;;;;;;;;x
PROV1970;Камень Тени;;;;;;;;;;;x
PROV1971;Ик'нал;;;;;;;;;;;x
PROV1972;Леналли;;;;;;;;;;;x
PROV1973;Дарнас;;;;;;;;;;;x
PROV1974;Доланаар;;;;;;;;;;;x
PROV1975;Звездный Ветер;;;;;;;;;;;x
PROV1976;Тенистая долина;;;;;;;;;;;x
PROV1977;Валаар;;;;;;;;;;;x
PROV1978;Косолап;;;;;;;;;;;x
PROV1979;Лунный олень;;;;;;;;;;;x
PROV1980;Тлеющая поляна;;;;;;;;;;;x
PROV1981;Долина Аммен;;;;;;;;;;;x
PROV1982;Серебристая Дымка;;;;;;;;;;;x
PROV1983;Зловещая чешуя;;;;;;;;;;;x
PROV1984;Яростное перо;;;;;;;;;;;x
PROV1985;Таинственная роща;;;;;;;;;;;x
PROV1986;Аксариен;;;;;;;;;;;x
PROV1987;Лес Клинков;;;;;;;;;;;x
PROV1988;Янтарная Паутина;;;;;;;;;;;x
PROV1989;Драконья Скорбь;;;;;;;;;;;x
PROV1990;Проклятые;;;;;;;;;;;x
PROV1993;Песчаный пик;;;;;;;;;;;x
PROV1996;Мародонские холмы;;;;;;;;;;;x
PROV1997;Когтистые горы;;;;;;;;;;;x
PROV2001;Хиджал;;;;;;;;;;;x
PROV2002;Хиджал;;;;;;;;;;;x
PROV2003;Хиджал;;;;;;;;;;;x
PROV2004;Хиджал;;;;;;;;;;;x
PROV2005;Хиджал;;;;;;;;;;;x
PROV2006;Хиджал;;;;;;;;;;;x
PROV2007;Хиджал;;;;;;;;;;;x
PROV2008;Хиджал;;;;;;;;;;;x
PROV2009;Хиджал;;;;;;;;;;;x
PROV2010;Река Вир'наал;;;;;;;;;;;x
PROV2011;Озеро Вир'наал;;;;;;;;;;;x
PROV2012;Дельта Вир'наала;;;;;;;;;;;x
PROV2013;Озеро Вир'сар;;;;;;;;;;;x
PROV2014;Озеро;;;;;;;;;;;x
PROV2015;Озеро;;;;;;;;;;;x
PROV2016;Озеро;;;;;;;;;;;x
PROV2017;Озеро;;;;;;;;;;;x
PROV2018;Топь;;;;;;;;;;;x
PROV2019;Масляные озера;;;;;;;;;;;x
PROV2020;Озеро;;;;;;;;;;;x
PROV2021;Озеро;;;;;;;;;;;x
PROV2022;Озеро Дюмон;;;;;;;;;;;x
PROV2023;Озеро Джадемир;;;;;;;;;;;x
PROV2024;Озеро каменного быка;;;;;;;;;;;x
PROV2025;Озеро;;;;;;;;;;;x
PROV2026;Озеро;;;;;;;;;;;x
PROV2027;Озеро;;;;;;;;;;;x
PROV2028;Озеро;;;;;;;;;;;x
PROV2029;Озеро;;;;;;;;;;;x
PROV2030;Озеро;;;;;;;;;;;x
PROV2031;Озеро;;;;;;;;;;;x
PROV2032;Озеро;;;;;;;;;;;x
PROV2033;Озеро;;;;;;;;;;;x
PROV2034;Мутное озеро;;;;;;;;;;;x
PROV2035;Скалистое озеро;;;;;;;;;;;x
PROV2036;Озеро Астранаар;;;;;;;;;;;x
PROV2037;Озеро звездной пыли;;;;;;;;;;;x
PROV2038;Озеро Мистраль;;;;;;;;;;;x
PROV2039;Озеро Фалфаррен;;;;;;;;;;;x
PROV2040;Озеро упавшего неба;;;;;;;;;;;x
PROV2041;Озеро;;;;;;;;;;;x
PROV2042;Озеро;;;;;;;;;;;x
PROV2043;Озеро;;;;;;;;;;;x
PROV2044;Озеро Меннар;;;;;;;;;;;x
PROV2045;Озеро;;;;;;;;;;;x
PROV2046;Петляющее озеро;;;;;;;;;;;x
PROV2047;Петляющее озеро;;;;;;;;;;;x
PROV2048;Озеро;;;;;;;;;;;x
PROV2049;Озеро;;;;;;;;;;;x
PROV2050;Озеро;;;;;;;;;;;x
PROV2051;Озеро Элуне'ара;;;;;;;;;;;x
PROV2052;Источник Вечности;;;;;;;;;;;x
PROV2053;Озеро Эдунель;;;;;;;;;;;x
PROV2054;Пепельное озеро;;;;;;;;;;;x
PROV2055;Озеро;;;;;;;;;;;x
PROV2056;Озеро Дарк'сотра;;;;;;;;;;;x
PROV2057;Озеро;;;;;;;;;;;x
PROV2058;Озеро;;;;;;;;;;;x
PROV2059;Озеро;;;;;;;;;;;x
PROV2060;Озеро;;;;;;;;;;;x
PROV2061;Озеро;;;;;;;;;;;x
PROV2062;Топь;;;;;;;;;;;x
PROV2063;Озеро;;;;;;;;;;;x
PROV2064;Топь;;;;;;;;;;;x
PROV2065;Топь;;;;;;;;;;;x
PROV2066;Топь;;;;;;;;;;;x
PROV2067;Топь;;;;;;;;;;;x
PROV2068;Топь;;;;;;;;;;;x
PROV2069;Торговый залив;;;;;;;;;;;x
PROV2070;Река Южная Ярость;;;;;;;;;;;x
PROV2071;Река Южная Ярость;;;;;;;;;;;x
PROV2072;Река Южная Ярость;;;;;;;;;;;x
PROV2073;Река Южная Ярость;;;;;;;;;;;x
PROV2074;Река Южная Ярость;;;;;;;;;;;x
PROV2075;Река Южная Ярость;;;;;;;;;;;x
PROV2076;Река Южная Ярость;;;;;;;;;;;x
PROV2077;Ун'горо;;;;;;;;;;;x
PROV2078;Северное море;;;;;;;;;;;x
PROV2079;Северное море;;;;;;;;;;;x
PROV2080;Северное море;;;;;;;;;;;x
PROV2081;Северное море;;;;;;;;;;;x
PROV2082;Северное море;;;;;;;;;;;x
PROV2083;Залив Древних;;;;;;;;;;;x
PROV2084;Залив Древних;;;;;;;;;;;x
PROV2085;Залив Древних;;;;;;;;;;;x
PROV2086;Ледяное море;;;;;;;;;;;x
PROV2087;Ледяное море;;;;;;;;;;;x
PROV2088;Ледяное море;;;;;;;;;;;x
PROV2089;Ледяное море;;;;;;;;;;;x
PROV2090;Ледяное море;;;;;;;;;;;x
PROV2091;Ледяное море;;;;;;;;;;;x
PROV2092;Ледяное море;;;;;;;;;;;x
PROV2093;Ледяное море;;;;;;;;;;;x
PROV2094;Ледяное море;;;;;;;;;;;x
PROV2095;Ледяное море;;;;;;;;;;;x
PROV2096;Ледяное море;;;;;;;;;;;x
PROV2097;Ледяное море;;;;;;;;;;;x
PROV2098;Северное море;;;;;;;;;;;x
PROV2099;Северное море;;;;;;;;;;;x
PROV2100;Северное море;;;;;;;;;;;x
PROV2101;Северное море;;;;;;;;;;;x
PROV2102;Северное море;;;;;;;;;;;x
PROV2103;Северное море;;;;;;;;;;;x
PROV2104;Великое море;;;;;;;;;;;x
PROV2105;Великое море;;;;;;;;;;;x
PROV2106;Великое море;;;;;;;;;;;x
PROV2107;Великое море;;;;;;;;;;;x
PROV2108;Великое море;;;;;;;;;;;x
PROV2109;Великое море;;;;;;;;;;;x
PROV2110;Великое море;;;;;;;;;;;x
PROV2111;Великое море;;;;;;;;;;;x
PROV2112;Великое море;;;;;;;;;;;x
PROV2113;Великое море;;;;;;;;;;;x
PROV2114;Великое море;;;;;;;;;;;x
PROV2115;Великое море;;;;;;;;;;;x
PROV2116;Великое море;;;;;;;;;;;x
PROV2117;Великое море;;;;;;;;;;;x
PROV2118;Великое море;;;;;;;;;;;x
PROV2119;Великое море;;;;;;;;;;;x
PROV2120;Великое море;;;;;;;;;;;x
PROV2121;Великое море;;;;;;;;;;;x
PROV2122;Залив бурь;;;;;;;;;;;x
PROV2123;Коралловое море;;;;;;;;;;;x
PROV2124;Коралловое море;;;;;;;;;;;x
PROV2125;Коралловое море;;;;;;;;;;;x
PROV2126;Великое море;;;;;;;;;;;x
PROV2127;Великое море;;;;;;;;;;;x
PROV2128;Великое море;;;;;;;;;;;x
PROV2129;Великое море;;;;;;;;;;;x
PROV2130;Великое море;;;;;;;;;;;x
PROV2131;Великое море;;;;;;;;;;;x
PROV2132;Взморье Мертвого Глаза;;;;;;;;;;;x
PROV2133;Острорук;;;;;;;;;;;x
PROV2134;Геруж;;;;;;;;;;;x
PROV2135;Торговое море;;;;;;;;;;;x
PROV2136;Зловещее море;;;;;;;;;;;x
PROV2137;Зловещее море;;;;;;;;;;;x
PROV2138;Зловещее море;;;;;;;;;;;x
PROV2141;Южное море;;;;;;;;;;;x
PROV2142;Южное море;;;;;;;;;;;x
PROV2143;Южное море;;;;;;;;;;;x
PROV2144;Южное море;;;;;;;;;;;x
PROV2145;Южное море;;;;;;;;;;;x
PROV2146;Южное море;;;;;;;;;;;x
PROV2147;Южное море;;;;;;;;;;;x
PROV2148;Южное море;;;;;;;;;;;x
PROV2149;Южное море;;;;;;;;;;;x
PROV2151;Сокрытое море;;;;;;;;;;;x
PROV2152;Сокрытое море;;;;;;;;;;;x
PROV2153;Сокрытое море;;;;;;;;;;;x
PROV2154;Сокрытое море;;;;;;;;;;;x
PROV2155;Сокрытое море;;;;;;;;;;;x
PROV2156;Сокрытое море;;;;;;;;;;;x
PROV2157;Сокрытое море;;;;;;;;;;;x
PROV2158;Сокрытое море;;;;;;;;;;;x
PROV2159;Сокрытое море;;;;;;;;;;;x
PROV2160;Сокрытое море;;;;;;;;;;;x
PROV2161;Сокрытое море;;;;;;;;;;;x
PROV2162;Длинный пролив;;;;;;;;;;;x
PROV2163;Длинный пролив;;;;;;;;;;;x
PROV2164;Длинный пролив;;;;;;;;;;;x
PROV2165;Длинный пролив;;;;;;;;;;;x
PROV2166;Длинный пролив;;;;;;;;;;;x
PROV2167;Длинный пролив;;;;;;;;;;;x
PROV2168;Северное море;;;;;;;;;;;x
PROV2169;Северное море;;;;;;;;;;;x
PROV2170;Сокрытое море;;;;;;;;;;;x
PROV2171;Сокрытое море;;;;;;;;;;;x
PROV2172;Сокрытое море;;;;;;;;;;;x
PROV2174;Сокрытое море;;;;;;;;;;;x
PROV2175;Сокрытое море;;;;;;;;;;;x
PROV2176;Сокрытое море;;;;;;;;;;;x
PROV2177;Сокрытое море;;;;;;;;;;;x
PROV2178;Сокрытое море;;;;;;;;;;;x
PROV2179;Боралус;;;;;;;;;;;x
PROV2180;Сокрытое море;;;;;;;;;;;x
PROV2181;Сокрытое море;;;;;;;;;;;x
PROV2182;Сокрытое море;;;;;;;;;;;x
PROV2183;Хазерфорд;;;;;;;;;;;x
PROV2184;Норвингтон;;;;;;;;;;;x
PROV2185;Мыс Рыбака;;;;;;;;;;;x
PROV2186;Бриджпорт;;;;;;;;;;;x
PROV2187;Холмы Кеннинга;;;;;;;;;;;x
PROV2188;Остров Бдения;;;;;;;;;;;x
PROV2189;Вольная гавань;;;;;;;;;;;x
PROV2190;Кипящие Ключи;;;;;;;;;;;x
PROV2191;Корлейн;;;;;;;;;;;x
PROV2192;Багровый лес;;;;;;;;;;;x
PROV2193;Аром;;;;;;;;;;;x
PROV2194;Гол Озигр;;;;;;;;;;;x
PROV2195;Гол Ковал;;;;;;;;;;;x
PROV2196;Листопадная бухта;;;;;;;;;;;x
PROV2197;Шипожало;;;;;;;;;;;x
PROV2198;Флетчер;;;;;;;;;;;x
PROV2199;Бреннадам;;;;;;;;;;;x
PROV2200;Мореход;;;;;;;;;;;x
PROV2201;Цитадель жрецов;;;;;;;;;;;x
PROV2202;Остров бурь;;;;;;;;;;;x
PROV2203;Милденхолл;;;;;;;;;;;x
PROV2204;Шипошкур;;;;;;;;;;;x
PROV2205;Волнолом;;;;;;;;;;;x
PROV2206;Затопленные земли;;;;;;;;;;;x
PROV2207;Морской бриз;;;;;;;;;;;x
PROV2208;Зул'дар;;;;;;;;;;;x
PROV2209;Предел Судьбы;;;;;;;;;;;x
PROV2210;Тол Барад;;;;;;;;;;;x
PROV2211;Полуостров Тол Барад;;;;;;;;;;;x
PROV2212;Остров Отчаяния;;;;;;;;;;;x
PROV2213;Тол Ронал;;;;;;;;;;;x
PROV2214;Тол Дагор;;;;;;;;;;;x
PROV2215;Ледопард;;;;;;;;;;;x
PROV2216;Тихая сень;;;;;;;;;;;x
PROV2217;Балор;;;;;;;;;;;x
PROV2218;Остров Новолуния;;;;;;;;;;;x
PROV2219;Звездопад;;;;;;;;;;;x
PROV2220;Покинутое место;;;;;;;;;;;x
PROV2221;Джин'калак;;;;;;;;;;;x
PROV2222;Северная точка;;;;;;;;;;;x
PROV2223;Топь;;;;;;;;;;;x
PROV2224;Ревущие джунгли;;;;;;;;;;;x
PROV2225;Сухая скала;;;;;;;;;;;x
PROV2226;Острова Василиска;;;;;;;;;;;x
PROV2227;Остров Лапидиса;;;;;;;;;;;x
PROV2228;Гиллиджим;;;;;;;;;;;x
PROV2229;Ун'гол;;;;;;;;;;;x
PROV2230;Кунза-Кунза;;;;;;;;;;;x
PROV2231;Шепщущий риф;;;;;;;;;;;x
PROV2232;Дазар'алор;;;;;;;;;;;x
PROV2233;Занчул;;;;;;;;;;;x
PROV2234;Тал'гуруб;;;;;;;;;;;x
PROV2235;Резан;;;;;;;;;;;x
PROV2236;Краал;;;;;;;;;;;x
PROV2237;Пин'уку;;;;;;;;;;;x
PROV2238;Зеб'ахари;;;;;;;;;;;x
PROV2239;Атал'грал;;;;;;;;;;;x
PROV2240;Жемчужная отмель;;;;;;;;;;;x
PROV2241;Остров Бивня;;;;;;;;;;;x
PROV2242;Остров Клыка;;;;;;;;;;;x
PROV2243;Атал'дазар;;;;;;;;;;;x
PROV2244;Сисгон;;;;;;;;;;;x
PROV2245;Растари;;;;;;;;;;;x
PROV2246;Ксибала;;;;;;;;;;;x
PROV2247;Бонанза;;;;;;;;;;;x
PROV2248;Траумут;;;;;;;;;;;x
PROV2249;Мугамба;;;;;;;;;;;x
PROV2250;Зул'назман;;;;;;;;;;;x
PROV2251;Назвата;;;;;;;;;;;x
PROV2252;Ната'вор;;;;;;;;;;;x
PROV2253;Жабья топь;;;;;;;;;;;x
PROV2254;Торга;;;;;;;;;;;x
PROV2255;Некрополь;;;;;;;;;;;x
PROV2256;Зул'джан;;;;;;;;;;;x
PROV2257;Кел'вакс;;;;;;;;;;;x
PROV2258;Шоалджай;;;;;;;;;;;x
PROV2259;Тоджек;;;;;;;;;;;x
PROV2260;Сетралисс;;;;;;;;;;;x
PROV2261;Вузале;;;;;;;;;;;x
PROV2262;Костяная яма;;;;;;;;;;;x
PROV2263;Мрачный лес;;;;;;;;;;;x
PROV2264;Волдунаи;;;;;;;;;;;x
PROV2265;Разрушенный камень;;;;;;;;;;;x
PROV2266;Атул'аман;;;;;;;;;;;x
PROV2267;Свистоцвет;;;;;;;;;;;x
PROV2268;Зем'лан;;;;;;;;;;;x
PROV2269;Зул'аджин;;;;;;;;;;;x
PROV2270;Сусгу;;;;;;;;;;;x
PROV2271;Красная скала;;;;;;;;;;;x
PROV2272;Слайстрисс;;;;;;;;;;;x
PROV2273;Чешуйчатый клык;;;;;;;;;;;x
PROV2274;Костяная тропа;;;;;;;;;;;x
PROV2275;Ток;;;;;;;;;;;x
PROV2276;Роркаен;;;;;;;;;;;x
PROV2277;Гелтозан;;;;;;;;;;;x
PROV2278;Черепаший камень;;;;;;;;;;;x
PROV2279;Зловещий остров;;;;;;;;;;;x
PROV2280;Зеленые джунгли;;;;;;;;;;;x
PROV2281;Темное копье;;;;;;;;;;;x
PROV2282;Шен'до;;;;;;;;;;;x
PROV2283;Райские острова;;;;;;;;;;;x
PROV2284;Гниющее болото;;;;;;;;;;;x
PROV2285;Залив королей;;;;;;;;;;;x
PROV2286;Южное море;;;;;;;;;;;x
PROV2287;Южное море;;;;;;;;;;;x
PROV2288;Южное море;;;;;;;;;;;x
PROV2289;Южное море;;;;;;;;;;;x
PROV2290;Кровавый берег;;;;;;;;;;;x
PROV2291;Устье королей;;;;;;;;;;;x
PROV2292;Расколотая река;;;;;;;;;;;x
PROV2293;Расколотая река;;;;;;;;;;;x
PROV2294;Расколотая река;;;;;;;;;;;x
PROV2295;Озеро;;;;;;;;;;;x
PROV2296;Озеро;;;;;;;;;;;x
PROV2297;Озеро;;;;;;;;;;;x
PROV2298;Раскаленный остров;;;;;;;;;;;x