#CODE;RUSSIAN;;GERMAN;;SPANISH;;;;;;;;;x
THE_BOOK_OF_RATIONALISM;Книга Рационализма;;;;;;;;;;;;;x
MECHANIC;Механик;;;;;;;;;;;;;x
mystery_of_the_makers;Титанизм;;;;;;;;;;;;;x
mystery_of_the_makers_DESC;Учение Титанов, металлических гигантов, путешествующих по космосу и наводящих порядок в мирах, - широко распространена в обществе дворфов. Практический характер карликов не позволяет им слепо верить в расу прародителей. Они полагаются на измерение, математику и свои собственные усилия. Вместо принятия существования своих создателей на веру, дворфы приступили к масштабному исследованию своего прошлого.;;;;;;;;;;;;;x
fire_cult;Огнепоклонничество;;;;;;;;;;;;;x
fire_cult_DESC;Стихия огня является одной из ветвей религии стихий. Последователи этой ветви призывают разрушительную и очищающую силу огня, и почитают священных существ, призывая их в Азерот. Тех, кто практикует использование огня, обычно называют пиромантами.;;;;;;;;;;;;;x
neptulon_worship;Водопоклонничество;;;;;;;;;;;;;x
neptulon_worship_DESC;Стихия воды является одной из ветвей религии стихий. Целебные свойства воды, а также неумолимая сила штормов и приливов, хорошо известны последователям этой ветви. Тех, кто практикует использование воды, обычно называют гидромантами.;;;;;;;;;;;;;x
therazane_worship;Землепоклонничество;;;;;;;;;;;;;x
therazane_worship_DESC;Стихия земли является одной из ветвей религии стихий. Сила земли - это сила и гибкость, и последователи этой ветви связывают себя с землей, чтобы стать сильнее. Тех, кто практикует использование земли, обычно называют геомансерами.;;;;;;;;;;;;;x
alakir_worship;Ветропоклонничество;;;;;;;;;;;;;x
alakir_worship_DESC;Стихия воздуха является одной из ветвей религии стихий. Повышая свою скорость до сверхъестественного уровня, последователи поклоняются воздуху и подчиняют его своей воле. Тех, кто практикует использование воздуха, обычно называют аэромантами.;;;;;;;;;;;;;x
cult_of_the_candle;Свечизм;;;;;;;;;;;;;x
cult_of_the_candle_DESC;Кто бы мог подумать, что даже такая простая вещь, как свеча, может стать символом веры? Кобольды, которые живут в подземных туннелях и тратят свои жизни на поиски добычи, в первую очередь золота, уверены, что свеча мудра. И это не удивительно, потому что именно она помогает кобольдам выжить в этой постоянно темной жизни.;;;;;;;;;;;;;x
cult_of_strength;Культ Силы;;;;;;;;;;;;;x
cult_of_strength_DESC;Гноллы хорошо известны своей склонностью спорить друг с другом по мелочам (например, кто из них самый высокий). Их культура вызвала появление культа силы, и самые могущественные гноллы признаются величайшим авторитетом в этом обществе.;;;;;;;;;;;;;x
water_deities;Нерглиш;;;;;;;;;;;;;x
fel_group;Скверна;;;;;;;;;;;;;x
orcish_fel;Отмеченные Скверной;;;;;;;;;;;;;x
dragon_religion_group;Драконьи культы;;;;;;;;;;;;;x
sect_of_the_dragons;Драконизм;;;;;;;;;;;;;x
sect_of_the_dragons_DESC;Верования драконов, рептилий, обычно крылатых, с магическими или необычными способностями. Многие создания посвятили свои жизни служению им. Когда драконы награждают своих смертных слуг, они становятся драконоподобными рептилиями и драконидами, подобно своим хозяевам.;;;;;;;;;;;;;x
orcish_fel_DESC;Независимо от того, получена ли сила через договор между чернокнижником и демоническим лордом или через кровь некоего повелителя преисподней (аннигилара), Скверна угрожает разврашением полностью и абсолютно. Хотя Пылающий Легион знаменит своим, подпитываемым скверной, Крестовым походом, он не несет ответственности за всех тех, кто находит свой путь к развращению скверной, но те, кто попадают под ее влияние, испытывают бесконечную жажду власти, вплоть до самого своего уничтожения. Отмеченные Скверной вечно жаждут власти и контроля, даже если цена этому могуществу будет их душа или жизни своего народа.;;;;;;;;;;;;;x
burning_legion_religion;Саргераи;;;;;;;;;;;;;x
burning_legion_religion_DESC;Стремясь уничтожить всю жизнь во вселенной, Саргерас рассматривается как одна из величайших угроз творению и, в меньшем смысле, Азероту. В его полном распоряжении во время его Пылающего крестового похода через Великую Запредельную Тьму находится верный, наполненный скверной легион демонов - Пылающий Легион, готовый осуществить разрушение, которого так сильно желает Саргерас. Последователи Темного Титана способны лишь на жестокость и обман, так как они гонятся за любым шансом вызвать угасание жизни во вселенной.;;;;;;;;;;;;;x
illidari;Иллидари;;;;;;;;;;;;;x
illidari_DESC;Силы скверны могут быть соблазнительны для всех живых существ во Вселенной, но есть те, кто использует их как инструмент для борьбы со злом, которое скрывается во всем творении, а не для личной выгоды или разрушения. Хотя эти существа часто могут быть признаны виновными в преступлениях, подобным планам властолюбивых колдунов и демонов, они видят в любом причиненном страдании средство достижения более великой цели, чем они сами или их жертвы. По своей сути они более доброжелательны и благосклонны, чем большинство демонов и колдунов, но тем не менее, мировое общество будет стремиться отвергнуть их, и их жестокие, хоть и более эффективные методы.;;;;;;;;;;;;;x
GOD_ILLIDAN;Иллидан;;;;;;;;;;;;;x
TRADITIONS;Традиции;;;;;;;;;;;;;x
LOA_PRIEST;Жрец;;;;;;;;;;;;;x
PRIEST_ILLIDARI;Иллидари;;;;;;;;;;;;;x
PRIEST;Жрец;;;;;;;;;;;;;x
GOD_HAKKAR;Хаккар;;;;;;;;;;;;;x
ILLIDARI_TEACHING;Учения Иллидари;;;;;;;;;;;;;x
TEACHING_OF_FEL;Учение Скверны;;;;;;;;;;;;;x
shamanism_group;Шаманизм;;;;;;;;;;;;;x
cult_of_hakkar;Хаккари;;;;;;;;;;;;;x
cult_of_hakkar_DESC;Хаккар Свежеватель Душ, ужасный кровожадный бог, дарующий троллям великую силу, но взамен требующий, чтобы ему приносили в жертву души. Известный в пантеоне троллей как Лоа Крови, ему поклоняются тролли Аталай - его верные жрецы и последователи.;;;;;;;;;;;;;x
cult_of_loa;Лоа;;;;;;;;;;;;;x
cult_of_loa_DESC;Лоа - это имя, данное троллями бесчисленным существам, которым они поклоняются. Почти любое существо, которое умерло и было почитаемо до смерти, можно почитать как Лоа. Они могут доравть чудесные блага или насылать ужасные наказания неугодным последователям. Все тролли благословлены Лоа более высокой, чем обычно, скоростью регенерации здоровья. Одни из самых известных могущественных Лоа - Резан, Лоа Королей, и Бвонсамди, Лоа Могил.;;;;;;;;;;;;;x
THE_BOOK;Книга;;;;;;;;;;;;;x
THE_VOID;Бездна;;;;;;;;;;;;;x
THE_LIGHT;Свет;;;;;;;;;;;;;x
THE_CHAOS;Хаос;;;;;;;;;;;;;x
COVENANTS_OF_ANCESTORS;Заветы предков;;;;;;;;;;;;;x
GOD_SHADRA;Шадра;;;;;;;;;;;;;x
THE_LIFE;Жизнь;;;;;;;;;;;;;x
water_deities_DESC;Те, кто верит в водяных божеств, следуют ритуалам, связанных с общением с морем и его силами. Они поклоняются воде и могущественным существам, живущим в ней. Пантеон водных божеств динамичен и часто меняется, чтобы включать в себя новых существ, с которыми сталкиваются последователи этой религии. Даже сильная акула или быстрая рыба могут стать живым символом веры. Когда водные существа умирают или уплывают в другие места, вера мурлоков меняется, находя новый символ для веры в их окружении.;;;;;;;;;;;;;x
ORACLE;Оракул;;;;;;;;;;;;;x
THE_FISHERMEN;Рыбаки;;;;;;;;;;;;;x
necromancy_group;Некромантия;;;;;;;;;;;;;x
death_god;Бог Смерти;;;;;;;;;;;;;x
death_god_DESC;Врайкулы, которые служат ему, часто называют Короля-лича Богом Смерти. Клыкарры верят, что Король-Лич - это Каркут, так как нежить находится под властью Короля-лича в Нордсколе. Огромная армия нежити, созданная Королем-личом, служит ему безо всяких сомнений.;;;;;;;;;;;;;x
NECRONOMICON;Некрономикон;;;;;;;;;;;;;x
THE_LICH_KING;Король-Лич;;;;;;;;;;;;;x
NECROMANCER;Некромант ;;;;;;;;;;;;;x
GOD_YSHAARJ;И'Шарадж;;;;;;;;;;;;;x
GOD_CTHUN;К'Тун;;;;;;;;;;;;;x
GOD_YOGGSARON;Йогг-Сарон;;;;;;;;;;;;;x
GOD_NZOTH;Н'Зот;;;;;;;;;;;;;x
druidism_group;Друидизм;;;;;;;;;;;;;x
secular_group;Секуляризм;;;;;;;;;;;;;x
rationalism;Рационализм;;;;;;;;;;;;;x
rationalism_DESC;Рационализм - это большая часть философии гномов, которые сосредоточены на дальновидных, изобретательных концепциях и мало внимания уделяют истории или не научным записям. Гномы вкладывают свою преданность в самих себя, в своих друзей и в свои изобретения.;;;;;;;;;;;;;x
THE_ENCYCLOPEDIA;Энциклопедия;;;;;;;;;;;;;x
MASTER;Хозяин;;;;;;;;;;;;;x
cult_of_wealth;Богатничество;;;;;;;;;;;;;x
cult_of_wealth_DESC;Культ богатства - это капиталистическая идеология, основанная на цели получения прибыли. Гоблины верят в себя и в золото. Они не верят в такие нематериальные доктрины, как шаманизм или Святой свет, предпочитая богов, которых они могут видеть, взвешивать и тратить.;;;;;;;;;;;;;x
THE_SHINE_OF_A_COIN;Сияние Монеты;;;;;;;;;;;;;x
THE_POORNESS;Бедность;;;;;;;;;;;;;x
COMRADE_KM;К.М.;;;;;;;;;;;;;x
COMRADE_FE;Ф.Э.;;;;;;;;;;;;;x
KEEPER;Хранитель;;;;;;;;;;;;;x
shamanism;Шаманизм;;;;;;;;;;;;;x
shamanism_DESC;Шаманизм - это глубоко духовная форма магии элементов, которая включает в себя связь как с природным, так и с духовным миром. Шаманы обычно не порабощают элементалей, а почитают их, прося стихии прислушаться к их зову. Шаманы изначально не наделены магией - они используют силы стихий через церемониальные тотемы.;;;;;;;;;;;;;x
SHAMAN;Шаман;;;;;;;;;;;;;x
LOA_SPIRITS;Духи Лоа;;;;;;;;;;;;;x
SPIRITS;Духи;;;;;;;;;;;;;x
SPIRITS_OF_ANCESTORS;Духи Предков;;;;;;;;;;;;;x
light_group;Свет;;;;;;;;;;;;;x
holy_light;Святой Свет;;;;;;;;;;;;;x
holy_light_DESC;Главной организацией Света была церковь Святого Света. Большинство людей, гномов и даже некоторые высшие эльфы следуют по пути Церкви. Это вера, которая защищает чистоту, доброту, благожелательность и сострадание перед лицом невзгод.;;;;;;;;;;;;;x
cult_of_sunwell;Белоре;;;;;;;;;;;;;x
cult_of_sunwell_DESC;Солнечный Колодец - это источник мистической силы, расположенный на острове Кел'Данас. Первоначально созданный Дат'Ремаром с помощью флакона из Источника Вечности, Солнечный Колодец стал сердцем народа Высших Эльфов. Хотя Солнечному Колодцу не поклоняются, Высшие эльфы его почитают и иногда рассматривают как олицетворение Солнца.;;;;;;;;;;;;;x
cult_of_sunwell_reborn;Культ Солнечного Колодца;;;;;;;;;;;;;x
cult_of_sunwell_reborn_DESC;Солнечный Колодец - это источник мистической силы, расположенный на острове Кель'Данас. Теперь это колыбель тайной энергии и света, и многие Высшие Эльфы видят в возрождении Солнечного Колодца новое начало для своих людей в более многообещающем будущем.;;;;;;;;;;;;;x
naaru;Свет Наару;;;;;;;;;;;;;x
naaru_DESC;Свет проявляется в виде золотой, сияющей световой энергии. Наару, загадочные существа, состоящие из осколков расщепленного Света, научили дренеев и некоторые просветленные расы использовать Свет, но есть и другие народы, которые пришли к изучению и практике магии, основанной на Свете, по собственному желанию.;;;;;;;;;;;;;x
THE_NAARU;Наару;;;;;;;;;;;;;x
arcane_religion;Тайная магия;;;;;;;;;;;;;x
arcane_religion_DESC;Религия или идеология, изучающая тайную магию. Порядок чаще всего воспринимается в реальности как тайная магия. Тайная энергия от природы изменчива, и владение ею требует высокой точности и концентрации. Обладатели тайной магии научились использовать эту тайную нестабильность, будучи в состоянии контролировать элементы и другие силы, такие как время.;;;;;;;;;;;;;x
arakkoa_religion_group;Араккоа;;;;;;;;;;;;;x
rukhmar_worship;Рукхмар;;;;;;;;;;;;;x
sethekk_worship;Сете;;;;;;;;;;;;;x
anzu_worship;Анзу;;;;;;;;;;;;;x
rukhmar_worship_DESC;Рухмар — Птичья богиня солнца на Дреноре, которая помогла Анзу убить Сете. После того, как Повелитель Воронов исчез во тьме, она создала араккоа, чтобы представить свою милость и его хитрость. Рухмар боится и ненавидит отверженных араккоа, ибо они были прокляты Сете. Ее верные последователииз  араккоа, приверженцы Рухмар, ведут войну с проклятыми араккоа во имя ее. Калири тоже дети Рухмар, а Рухран, по слухам, ее потомок. Как мать араккоа, Рухмар была их главным и традиционным божеством. Ее почитание было в конечном счете оставлено в пользу многочисленных других божеств, таких как Анзу, Каалу и Сете.;;;;;;;;;;;;;x
sethekk_worship_DESC;Сете - это умерший первобытный Бог, которому поклонялись и который является тезкой Сетекка на Дреноре. Он - древний враг Анзу и Рухмар, других главных божеств араккоа. Сете хладнокровен и презрителен. Когда он летел, ветер кусал его плоть. Он загорал на склонах гор, но никогда не ощущал вкуса тепла. Его чешуя была матовым стеклом, а дети - змеями ветра. Он - источник и тезка проклятия Сете, несчастья, которое заставляет любого араккоа, который касается испорченных вод Сетеккской низины, становиться сломленным и бескрылым.;;;;;;;;;;;;;x
anzu_worship_DESC;Анзу - страшный бог воронов, глубоко связанный с араккоа и историей шпилей Арака. Хотя физически Анзу был слабее своей коллеги Рухмар, он обладал большим интеллектом. В отличие от Рухмар, любящей солнце и небо, Анзу предпочитал прохладу тени и покой сумеречных чащей, где он мог оставаться один в тихом созерцании. Он даже беседовал с богами бездны и находил их тупыми, безмозглыми созданиями.;;;;;;;;;;;;;x
scarlet_light;Алый Свет;;;;;;;;;;;;;x
scarlet_light_DESC;Еретическое ответвление Церкви Света. Они нетерпимы ко всем нечеловеческим расам, независимо от союза или принадлежности. Они верят, что все нечестивые создания должны быть уничтожены очищающим пламенем.;;;;;;;;;;;;;x
primitive_group;Примитивизм;;;;;;;;;;;;;x
THE_STORIES;Рассказы;;;;;;;;;;;;;x
GOD_RUKHMAR;Рухмар;;;;;;;;;;;;;x
GOD_TEROKK;Терокк;;;;;;;;;;;;;x
MURLOC_INVASION_AGAINST_THE_FISHERMEN;Кампания Великого Мурлока против Рыбаков;;;;;;;;;;;;;x
THE_RUNESTONE;Рунный камень;;;;;;;;;;;;;x
THE_RUNE;Руна;;;;;;;;;;;;;x
THE_WATER_DEITIES;Морские Божества;;;;;;;;;;;;;x
THE_GREAT_CAMPAIGN_FOR_CANDLES;Великая кампания за Свечами;;;;;;;;;;;;;x
GEOMANT;Геомант;;;;;;;;;;;;;x
THE_CANDLE;Свеча;;;;;;;;;;;;;x
GOD_ANZU;Анзу;;;;;;;;;;;;;x
CRUSADE_AGAINST_WEAKLINGS;Поход против слабаков;;;;;;;;;;;;;x
IMPIETY;Нечистивость;;;;;;;;;;;;;x
STAT_PIETY_IMPIETY;Нечистивость;;;;;;;;;;;;;x
STAT_PIETY_MENU_IMPIETY;Нечистивость;;;;;;;;;;;;;x
MONTHLY_PIETY_IMPIETY;Месячное Нечестие;;;;;;;;;;;;;x
STAT_PIETY_DESC_IMPIETY;Нечестие почитается духовенством и монашескими орденами вашей религии. Как и престиж, он добавляется к вашему счету после смерти правителя.;;;;;;;;;;;;;x
GOD_MANNOROTH;Маннорот;;;;;;;;;;;;;x
THE_ORDER;Порядок;;;;;;;;;;;;;x
DARK_GRIMOIRE;Темный гримуар;;;;;;;;;;;;;x
WARLOCK;Чернокнижник;;;;;;;;;;;;;x
GOD_SARGERAS;Саргерас;;;;;;;;;;;;;x
GOD_KILJAEDEN;Кил'джеден;;;;;;;;;;;;;x
GOD_ARCHIMONDE;Архимонд;;;;;;;;;;;;;x
THE_CODE_OF_ILLIDARI;Кодекс Иллидари;;;;;;;;;;;;;x
DEMON_HUNTER;Охотник на демонов;;;;;;;;;;;;;x
GOD_RAGNAROS;Повелитель огня;;;;;;;;;;;;;x
GOD_NEPTULON;Хозяин приливов;;;;;;;;;;;;;x
GOD_THERAZANE;Мать-Скала;;;;;;;;;;;;;x
GOD_ALAKIR;Владыка ветров;;;;;;;;;;;;;x
elemental_lords_group;Владыки Стихий;;;;;;;;;;;;;x
orcish_shamanism;Поклонение предкам;;;;;;;;;;;;;x
orcish_shamanism_DESC;Поклонение предкам - одна из религий Азерота и один из главных постулатов шаманских практик в мире. Большинство рас уважают мертвых, однако те, кто поклоняется своим предкам, например, орки и таурены, считают, что падшие обладают силами, которые могут использовать живые. Таурены говорят с ними и могут просить их помощи через сновидения и тому подобное. Орки оставляют более конкретные напоминания о своих предках. Они вырезают мемориалы своим павшим предкам и кладут камни вокруг постоянных могильников. Есть много ритуалов, которые можно выполнять в одиночку или в группе.;;;;;;;;;;;;;x
EVIL_SPIRITS;Злые духи;;;;;;;;;;;;;x
primitive_shamanism;Фетишизм;;;;;;;;;;;;;x
primitive_shamanism_DESC;Поклонение малоизвестным элементалям и духам мира. Примитивные шаманские верования охватывают религии, тщательно оберегаемые последователями. Ритуалы, обряды и прочие примитивные практики посвящены разным могущественным покровителям. Последователи этих верований стремятся достичь баланса с миром природы. По мере того, как исследователи собирают и упорядочивают множество новых знаний, количество примитивных шаманских верований в Азероте уменьшается.;;;;;;;;;;;;;x
loa_group;Лоа;;;;;;;;;;;;;x
GOD_EARTH_MOTHER;Мать-Земля;;;;;;;;;;;;;x
GOD_SKY_FATHER;Отец-Небо;;;;;;;;;;;;;x
earth_mother_worship;Мать-Земля;;;;;;;;;;;;;x
earth_mother_worship_DESC;Мать-Земля - воплощение природы и жизни. Она в первую очередь почитается тауренами и признается некоторыми шаманами орков как создательница земли. Мать-Земля рассматривается в культуре тауренов так же, как Элуна в культуре калдораев. И то и другое, должно быть, является стабилизирующим фактором в меняющейся жизни соответствующих народов.;;;;;;;;;;;;;x
old_gods_worship;Шат'грал;;;;;;;;;;;;;x
old_gods_worship_DESC;Поклонение Древним богам, таинственным, богоподобным и великим ужасам. Это широко распространенная нигилистическая религия, основанная на культах, которая стремится приблизить Время Сумерек и фанатично служит Древним богам, паразитическим жутким существам, которые являются физическими проявлениями Бездны.;;;;;;;;;;;;;x
INSANITY;Безумие;;;;;;;;;;;;;x
THE_OLD_GODS;Древние Боги;;;;;;;;;;;;;x
voidfarer;Последователи Бездны;;;;;;;;;;;;;x
forsaken_cult;Тьма;;;;;;;;;;;;;x
voidfarer_DESC;Магия Безды очень опасна, но и ее можно применять с пользой, если вы достаточно осторожны. Нет смысла отказываться от такого полезного инструмента и преследовать теневых священников. Сторонники этой религии посвятили свою жизнь изучению и использованию Бездны во благо.;;;;;;;;;;;;;x
forsaken_cult_DESC;Это группа Отрекшихся, которых большинство считает еретиками. Они верят, что практикующие темную энергию так же важны для выживания жизни и реальности, как и последователи света. Культ проповедует равновесие, требуя, чтобы жрецы тьмы никогда не забывали об опасности слишком глубокого погружения в темные энергии, которыми они манипулируют, поскольку часто бывает слишком трудно найти путь обратно в жизнь из глубин тьмы.;;;;;;;;;;;;;x
THE_SHADOW;Тьма;;;;;;;;;;;;;x
void_group;Бездна;;;;;;;;;;;;;x
old_ways;Старые обычаи;;;;;;;;;;;;;x
old_ways_DESC;Старые обычаи не получили широкого распространения в наше время, но существовали на задворках Гилнеасского общества. Религиозные лидеры того, что в Гилнеасе называлось Старыми Путями, в конце концов стали Ведьмами Урожая. Они те, кто используют свои природные силы для увеличения сельскохозяйственного производства Гилнеаса во время и после периода индустриализации.;;;;;;;;;;;;;x
druidism_beliefs;Друидизм;;;;;;;;;;;;;x
druidism_beliefs_DESC;Друидизм учит поклонению духам через растения, животных и фундаментальный дух диких существ. Друиды ищут руководства или вмешательства со стороны духов и рассматривают свои леса как убежища для живых духов и поэтому обязаны защищать их.;;;;;;;;;;;;;x
WITCH;Ведьма;;;;;;;;;;;;;x
THE_NATURE;Природа;;;;;;;;;;;;;x
GOD_CENARIUS;Кенарий;;;;;;;;;;;;;x
DRUID;Друид;;;;;;;;;;;;;x
pandarian_beliefs;Пандарен;;;;;;;;;;;;;x
august_celestials;Августейшие Небожители;;;;;;;;;;;;;x
GOD_AUGUST_CELESTIALS;Августейшие Небожители;;;;;;;;;;;;;x
SHA;Ша;;;;;;;;;;;;;x
jinyu_beliefs;Цзинь-юй;;;;;;;;;;;;;x
WATERSPEAKER;Говорящие с водой;;;;;;;;;;;;;x
THE_WATER;Вода;;;;;;;;;;;;;x
THE_RIVER;Река;;;;;;;;;;;;;x
THE_SEA;Море;;;;;;;;;;;;;x
THE_DROUGHT;Засуха;;;;;;;;;;;;;x
august_celestials_DESC;Августейшие небожители - это четыре диких Бога, которые защищают храмы Пандарии от зла Ша и могу. Небожители построили храмы, чтобы обучать монахов соответствующим стилям после пандаренской революции. Многие коренные расы Пандарии уважают этих существ и поклоняются им как богам.;;;;;;;;;;;;;x
jinyu_beliefs_DESC;Разговор с водой - это вера в обществе Цзинь-юй. Она позволяет их духовным лидерам говорить и слушать воды, которые текут по всей Пандарии, что делает их чрезвычайно мудрыми и могущественными.;;;;;;;;;;;;;x
vrykul_religion_group;Верования Врайкулов;;;;;;;;;;;;;x
odyn;Одинизм;;;;;;;;;;;;;x
GOD_ODYN;Один;;;;;;;;;;;;;x
GOD_HELYA;Хелия;;;;;;;;;;;;;x
odyn_DESC;Первоначально созданные вместе с Драконьими Аспектами для защиты Азерота, валарьяры были признаны Одином самыми могущественными воинами титанорожденных. Они были теми единственными, как считал Один, кто достоин защищать Азерот. Когда Драконы-Аспекты получили полномочия от Хранителей титанов защищать Азерот, Хелия вместе с Одином подняли часть Ульдуара в небо, чтобы создать Залы Доблести, дом для его новосозданных воинов-валарьяров. По сей день сильнейшие врайкулы отбираются Одином и их духи поднимаются валькирами в залы, где они будут сражаться целую вечность.;;;;;;;;;;;;;x
helya;Последователи Хелии;;;;;;;;;;;;;x
helya_DESC;Хелия, матриарх Хельхейма, который является подземным миром павших для не поднявшихся в Чертоги Доблести врайкулов. Она была Хранителем, помогавшим другим титанорожденным заключить элементалей в Обителях Стихий. Она стала первой призрачной Валькирией, когда повернулась против Одина. Она создала чемпиона, который носит боевые мечи валарьяров, которые он украл у Одина, и этот чемпион убил многих, чтобы их души служили в Хельхейме. Она также создала хеларьяров, священный орден квалдиров, готовых издеваться над валарьярами Одина. Квалдиры Хелии также будет ответственны за убийство тех, кто бесчестен и недостоин, отправляя их души в Хельхейм.;;;;;;;;;;;;;x
nerubian_religion_group;Неруб;;;;;;;;;;;;;x
spider_philosophy;Неруб;;;;;;;;;;;;;x
spider_philosophy_DESC;Нерубианцы были результатом разделения акир на киражей, нерубианцев и богомолов, еще во времена Древнего Калимдора. Все эти три вида были разделены друг от друга течением времени и вскоре они приспособилось к изменениям окружающей среды. Отчасти в этом разделении им способствовали племена троллей Гурубаши и Амани. Однако это случилось задолго до прихода Короля-Лича. Король-Лич завидовал Нерубианскому способу организации и их способности к массовому размножению. Позже Король-Лич напал и наводнил их королевство нежитью. Он осадил нерубианскую столицу Азжол-Неруб и когда все почти нерубианцы были мертвы, повелитель нежити поднял лучших из них в виде своих чемпионов, созданных для сражений со своими давними сородичами. Это превратило Азжол-Неруб в могилу.;;;;;;;;;;;;;x
INVASION_FROM_THE_SUBSOIL;Вторжение из недр земли;;;;;;;;;;;;;x
THE_SPIDER;Паук;;;;;;;;;;;;;x
wolf_cult_religion;Голдринн;;;;;;;;;;;;;x
wolf_cult_religion_DESC;Члены культа волка приняли в себе звериную природу. Они поклоняются великому волку Голдринну и считают своим долгом пробудить зверя в каждом жителе Азерота.;;;;;;;;;;;;;x
GOLDRINN;Голдринн;;;;;;;;;;;;;x
THE_PURITY_OF_ESSENCE;Сущность чистоты;;;;;;;;;;;;;x
ursine;Урсин;;;;;;;;;;;;;x
ursine_DESC;Урсок и Урсол - два медведя, древние хранители и покровители тех, кто поддерживает равновесие природы и её живых зверей. Среди их наиболее преданных последователей практикуются соответствующие обычаи: те, кто следуют за Урсолом, становятся друидами, в то время как другие, которые следуют за Урсоком, становятся охотниками или воинами, которые вырезают деревянные статуи и сооружения в его честь.;;;;;;;;;;;;;x
GOD_URSOL;Урсол;;;;;;;;;;;;;x
GOD_URSOC;Урсок;;;;;;;;;;;;;x
agamaggan_worship;Агамаггана;;;;;;;;;;;;;x
agamaggan_worship_DESC;Агамагган, великий кабан, был одним из древних стражей Азерота и одним из первых и самых могущественных существ, когда-либо живших на земле. Шаманы и геоманты, которые поклоняются ему, призывают силу великого кабана, чтобы помочь им в битве и в их ритуалах.;;;;;;;;;;;;;x
GOD_AGAMAGGAN;Агамагган;;;;;;;;;;;;;x
theradras_worship;Терадрас;;;;;;;;;;;;;x
theradras_worship_DESC;Принцесса Терадрас - огромный элементаль земли и дочь Теразан - Матери-Скалы. После спаривания с Зентаром, сыном Кенария, Терадрас стала матерью первых кентавров. Они, увидев отвращение в глазах отца, жестоко убили Зентара. И по сей день Терадрас является покровителем своего потомства.;;;;;;;;;;;;;x
GOD_THERADRAS;Терадрас;;;;;;;;;;;;;x
kaldorei_religion;Элунизм;;;;;;;;;;;;;x
kaldorei_religion_DESC;Калдорай поклоняются пантеону богов, возглавляемому Элуной, богиней Луны. Ее жрецы, сестры Элуны, имеют значительный авторитет в обществе. С другой стороны, Калдорайские друиды играют значительную роль и также имеют тесное родство с большинством древних защитников - Диких Богов. Благословленные своими богами, Калдорай считают своим долгом защищать природу ценой собственной жизни и чтить жертвы предков.;;;;;;;;;;;;;x
tidemother;Мать приливов;;;;;;;;;;;;;x
tidemother_DESC;Мать приливов - это существо, которому поклоняются многие моряки и те, чья жизнь зависит от изменчивых морских волн. Большинство людей смотрят на море в поисках руководства точно так же, как другие смотрят на свет, но жрецы моря имеют гораздо более глубокую связь с водой. Давно уже они прислушиваются к морю, чтобы направлять свои корабли и свой народ, нежным шепотом, неуловимым для большинства.;;;;;;;;;;;;;x
TIDESAGE;Жрец Моря;;;;;;;;;;;;;x
GOD_TIDEMOTHER;Мать приливов;;;;;;;;;;;;;x
GOD_AMANTHUL;Аман'Тул;;;;;;;;;;;;;x
GOD_EONAR;Эонар;;;;;;;;;;;;;x
GOD_NORGANNON;Норганнон;;;;;;;;;;;;;x
GOD_GOLGANNETH;Голганнет;;;;;;;;;;;;;x
GOD_KHAZGOROTH;Каз'Горот;;;;;;;;;;;;;x
GOD_ELUNE;Элуна;;;;;;;;;;;;;x
THE_DARK;Тьма;;;;;;;;;;;;;x
GOD_AKILZON;Акил'зон;;;;;;;;;;;;;x
GOD_AKUNDA;Акунда;;;;;;;;;;;;;x
GOD_BWONSAMDI;Бвонсамди;;;;;;;;;;;;;x
GOD_ELORTHA;Шадра;;;;;;;;;;;;;x
GOD_ERAKA;Кимбул;;;;;;;;;;;;;x
GOD_GHUUN;Г'уун;;;;;;;;;;;;;x
GOD_GONK;Гонк;;;;;;;;;;;;;x
GOD_JANI;Джани;;;;;;;;;;;;;x
GOD_KRAGWA;Краг'ва;;;;;;;;;;;;;x
GOD_REZAN;Резан;;;;;;;;;;;;;x
GOD_TORGA;Торга;;;;;;;;;;;;;x
GOD_YSILDAR;Исильдар;;;;;;;;;;;;;x
GOD_VALARJAR;Валарьяр;;;;;;;;;;;;;x
GOD_HELARJAR;Хеларьяр;;;;;;;;;;;;;x
GOD_EYIR;Эйир;;;;;;;;;;;;;x
cult_of_nightwell;Почитание Ночного Колодца;;;;;;;;;;;;;x
cult_of_nightwell_DESC;Ночной Колодец - это источник магии, которая поддерживала жизнь народа Шал'дорай во время их великой изоляции за магическим куполом. Колодец, наполняя их маной, изменил форму тел и глаз Шал'дорай, поэтому он занимает центральное место в их культуре.;;;;;;;;;;;;;x
MAGISTER;Магистр;;;;;;;;;;;;;x
MAGISTRIX;Магистр;;;;;;;;;;;;;x
arcane_group;Аркана;;;;;;;;;;;;;x
secular_group;Секуляризм;;;;;;;;;;;;;x
GOD_LOKEN;Локен;;;;;;;;;;;;;x
cult_of_loken;Культ Локена;;;;;;;;;;;;;x
cult_of_loken_DESC;Локен был одним из хранителей титанов, которым Пантеон поручил следить за Азеротом в их отсутствие. Возведенный в ранг главного куратора, Локен был тюремщиком древнего бога Йогг-Сарона, заточенного в недрах Ульдуара. Однако шепот Бога Смерти в конце концов заставил Локена предать своих товарищей и разрушить дела Пантеона. С Ульдуаром и Кузницей Воли под своим контролем, Локен создал армию железных исполинов, таких как железные дворфы, которые сражаются с земельниками по всему Нордсколу. Последователи культа поклоняются Локену и следуют его воле и его темных хозяев, куда бы она ни вела.;;;;;;;;;;;;;x
CAPITALIST;Капиталист;;;;;;;;;;;;;x
pandaren_religion_group;Ци;;;;;;;;;;;;;x
lightbound;Связанные со Светом;;;;;;;;;;;;;x
lightbound_DESC;Еретическое ответвление учения наару, приверженцы учения о Связанных со Светом посвящены распространению влияния Света везде, где только возможно, и обращению неверующих любыми необходимыми средствами, даже насильственными.;;;;;;;;;;;;;x
shadowlander;Земля Теней;;;;;;;;;;;;;x
shadowlander_DESC;Земля Теней - это измерение, существующее между мирами, куда попадают души смертных существ после смерти. Ее происхождение остается неопределенным, но она существуют с тех пор, как смертная жизнь впервые возникла в физической Вселенной и, по-видимому, охватывает все существующие миры. Когда душа вызывается из загробной жизни, она может свободно бродить по материальному миру, если ее не сдерживают в течение нескольких мгновений после прибытия. Рыцари смерти, некроманты и нежить в целом имеют сильную связь с Землей Теней.;;;;;;;;;;;;;x
THE_FEL;Скверна;;;;;;;;;;;;;x
THE_DEATH;Смерть;;;;;;;;;;;;;x
THE_ANCESTORS;Прародители;;;;;;;;;;;;;x
GOD_BELORE;Белоре;;;;;;;;;;;;;x
GOD_SHAL;Шал;;;;;;;;;;;;;x
THROS;Фрос;;;;;;;;;;;;;x
THE_BLIGHT;Порча;;;;;;;;;;;;;x
throsic;Фросизм;;;;;;;;;;;;;x
throsic_DESC;Многие души падших друстов были изгнаны и заточены в измерение, входящее в Изумрудный Кошмар, которое они позже нарекли Фрос. В этом мире они создали магию смерти, тесно переплетенную с друидизмом. Эта магия возникла в результате многочисленных попыток переселения душ павших друстов в конструкции, которые они намеревались использовать против людей. По этой причине, магия Фрос предпочитает некромантии магию, которая оживляет прочные конструкции. Ее влияние на дикую природу и жизнь укрепляется деятельностью ковенов ведьм. Самые преданные ведьмы могут перевоплотиться в Матрону, бестелесное существо, напоминающее банши, посредством ритуала, во время которого они перерезают собственное горло в знак безграничной преданности своим кошмарным повелителям.;;;;;;;;;;;;;x
loa_group_FEATURES;§Y*§! Ранения исцеляются быстрее\n§Y*§! Можно регенерировать утраченные конечности;;;;;;;;;;;;;x
old_gods_worship_FEATURES;§Y*§! В меню решений можно выбрать Древнего Бога для поклонения\n§Y*§! Разрешено использовать меню взаимодействия выбранного Древнего Бога\n§Y*§! Можно получать благосклонность выбранного Древнего Бога принося ему в жертву пленников и осаждая владения;;;;;;;;;;;;;x
;;;;;;;;;;;;;;x
;;;;;;;;;;;;;;x
;;;;;;;;;;;;;;x
;;;;;;;;;;;;;;x
;;;;;;;;;;;;;;x
;;;;;;;;;;;;;;x
;;;;;;;;;;;;;;x
;;;;;;;;;;;;;;x
;;;;;;;;;;;;;;x
;;;;;;;;;;;;;;x
;;;;;;;;;;;;;;x
;;;;;;;;;;;;;;x
;;;;;;;;;;;;;;x
;;;;;;;;;;;;;;x
;;;;;;;;;;;;;;x
;;;;;;;;;;;;;;x
;;;;;;;;;;;;;;x
;;;;;;;;;;;;;;x
;;;;;;;;;;;;;;x
;;;;;;;;;;;;;;x
;;;;;;;;;;;;;;x
;;;;;;;;;;;;;;x
;;;;;;;;;;;;;;x
;;;;;;;;;;;;;;x
;;;;;;;;;;;;;;x
;;;;;;;;;;;;;;x
;;;;;;;;;;;;;;x
;;;;;;;;;;;;;;x
;;;;;;;;;;;;;;x
;;;;;;;;;;;;;;x
;;;;;;;;;;;;;;x
;;;;;;;;;;;;;;x
;;;;;;;;;;;;;;x
;;;;;;;;;;;;;;x
;;;;;;;;;;;;;;x
;;;;;;;;;;;;;;x
;;;;;;;;;;;;;;x
;;;;;;;;;;;;;;x
;;;;;;;;;;;;;;x
;;;;;;;;;;;;;;x
;;;;;;;;;;;;;;x
;;;;;;;;;;;;;;x
;;;;;;;;;;;;;;x
;;;;;;;;;;;;;;x
;;;;;;;;;;;;;;x
;;;;;;;;;;;;;;x
;;;;;;;;;;;;;;x
;;;;;;;;;;;;;;x
;;;;;;;;;;;;;;x
;;;;;;;;;;;;;;x
;;;;;;;;;;;;;;x
;;;;;;;;;;;;;;x
;;;;;;;;;;;;;;x
;;;;;;;;;;;;;;x
;;;;;;;;;;;;;;x
;;;;;;;;;;;;;;x
;;;;;;;;;;;;;;x
;;;;;;;;;;;;;;x
;;;;;;;;;;;;;;x
;;;;;;;;;;;;;;x
